time_s,Sheepmount_h,Bothcherby_h,Denton_Holme_h,Building_1_h,Water_mark_3_h,Water_mark_4_h,Water_mark_5_h,Water_mark_6_h,Water_mark_7_h,Bus_depot_h,Substation_h,Pallett_Yard_h,Brown_Bros_h,Water_mark_1_h,Water_mark_2_h,Sheepmount_u,Bothcherby_u,Denton_Holme_u,Building_1_u,Water_mark_3_u,Water_mark_4_u,Water_mark_5_u,Water_mark_6_u,Water_mark_7_u,Bus_depot_u,Substation_u,Pallett_Yard_u,Brown_Bros_u,Water_mark_1_u,Water_mark_2_u,tot_vol
900,0.0,0.0,0.0,0.0,0.0,0.0,0.0,0.0,0.0,0.0,0.0,0.0,0.0,0.0,0.0,-0.0,0.0,0.0,-0.0,0.0,-0.0,-0.0,-0.0,-0.0,-0.0,-0.0,0.0,-0.0,-0.0,-0.0,9224.9
1800,0.0,0.0,0.0,0.0,0.0,0.0,0.0,0.0,0.0,0.0,0.0,0.0,0.0,0.0,0.0,-0.0,0.0,0.0,-0.0,0.0,-0.0,-0.0,-0.0,-0.0,-0.0,-0.0,0.0,-0.0,-0.0,-0.0,62398.1
2700,0.0,0.0,0.9,0.0,0.0,0.0,0.0,0.0,0.0,0.0,0.0,0.0,0.0,0.0,0.0,-0.0,0.0,0.7,-0.0,0.0,-0.0,-0.0,-0.0,-0.0,-0.0,-0.0,0.0,-0.0,-0.0,-0.0,151226.1
3600,0.0,0.0,0.9,0.0,0.0,0.0,0.0,0.0,0.0,0.0,0.0,0.0,0.0,0.0,0.0,-0.0,0.0,0.7,-0.0,0.0,-0.0,-0.0,-0.0,-0.0,-0.0,-0.0,0.0,-0.0,-0.0,-0.0,239951.5
4500,0.0,0.0,1.1,0.0,0.0,0.0,0.0,0.0,0.0,0.0,0.0,0.0,0.0,0.0,0.0,-0.0,0.0,0.6,-0.0,0.0,-0.0,-0.0,-0.0,-0.0,-0.0,-0.0,0.0,-0.0,-0.0,-0.0,327262.1
5400,0.0,0.0,1.1,0.0,0.0,0.0,0.0,0.0,0.0,0.0,0.0,0.0,0.0,0.0,0.0,-0.0,0.0,0.6,-0.0,0.0,-0.0,-0.0,-0.0,-0.0,-0.0,-0.0,0.0,-0.0,-0.0,-0.0,402035.0
6300,0.0,0.0,1.1,0.0,0.0,0.0,0.0,0.0,0.0,0.0,0.0,0.0,0.0,0.0,0.1,-0.0,0.0,0.6,-0.0,0.0,-0.0,-0.0,-0.0,-0.0,-0.0,-0.0,0.0,-0.0,-0.0,-0.0,473779.4
7200,0.0,0.0,1.1,0.0,0.0,0.0,0.0,0.0,0.0,0.0,0.0,0.0,0.0,0.0,0.2,-0.0,0.0,0.6,-0.0,0.0,-0.0,-0.0,-0.0,-0.0,-0.0,-0.0,0.0,-0.0,-0.0,-0.0,543217.3
8100,0.0,1.8,1.1,0.0,0.0,0.0,0.0,0.0,0.0,0.0,0.0,0.0,0.0,0.0,0.1,-0.0,0.5,0.6,-0.0,0.0,-0.0,-0.0,-0.0,-0.0,-0.0,-0.0,0.0,-0.0,-0.0,-0.0,611093.3
9000,0.0,1.9,1.1,0.0,0.0,0.0,0.0,0.0,0.0,0.0,0.0,0.0,0.0,0.0,0.1,-0.0,0.4,0.6,-0.0,0.0,-0.0,-0.0,-0.0,-0.0,-0.0,-0.0,0.0,-0.0,-0.0,-0.0,677476.4
9900,0.0,2.0,1.1,0.0,0.0,0.0,0.0,0.0,0.0,0.0,0.0,0.0,0.0,0.0,0.1,-0.0,0.3,0.6,-0.2,0.0,-0.0,-0.0,-0.0,-0.0,-0.0,-0.0,0.0,-0.0,-0.0,-0.0,742693.0
10800,0.0,2.2,1.2,0.0,0.0,0.0,0.0,0.0,0.0,0.0,0.0,0.0,0.0,0.0,0.1,-0.0,0.4,0.6,-0.2,0.0,-0.0,-0.0,-0.0,-0.0,-0.0,-0.0,0.0,-0.0,-0.0,-0.0,805418.2
11700,0.0,2.2,1.6,0.0,0.0,0.0,0.0,0.0,0.0,0.0,0.0,0.0,0.0,0.0,0.1,-0.0,0.5,0.5,-0.2,0.0,-0.0,-0.0,-0.0,-0.0,-0.0,-0.0,0.0,-0.0,-0.0,-0.0,864710.3
12600,0.0,2.2,2.1,0.1,0.0,0.0,0.0,0.0,0.0,0.0,0.0,0.0,0.0,0.0,0.1,-0.0,0.5,0.3,-0.2,0.0,-0.0,-0.0,-0.0,-0.0,-0.0,-0.0,0.0,-0.0,-0.0,-0.0,924401.8
13500,0.0,2.3,2.3,0.1,0.0,0.0,0.0,0.0,0.0,0.0,0.0,0.0,0.0,0.0,0.2,-0.0,0.5,0.1,-0.2,0.0,-0.0,-0.0,-0.0,-0.0,-0.0,-0.0,0.0,-0.0,-0.0,-0.0,984598.0
14400,0.0,2.2,2.4,0.1,0.0,0.1,0.0,0.0,0.0,0.0,0.0,0.0,0.0,0.0,0.2,-0.0,0.5,-0.1,-0.2,0.0,-0.4,-0.0,-0.0,-0.0,-0.0,-0.0,0.0,-0.0,-0.0,-0.0,1041953.7
15300,0.0,2.2,2.4,0.1,0.0,0.1,0.0,0.0,0.0,0.0,0.0,0.0,0.0,0.0,0.3,-0.0,0.5,-0.1,-0.2,0.0,-0.3,-0.0,-0.0,-0.0,-0.0,-0.0,0.0,-0.0,-0.0,-0.0,1099805.3
16200,0.0,2.2,2.8,0.1,0.0,0.0,0.0,0.1,0.0,0.0,0.0,0.0,0.0,0.0,0.3,-0.0,0.5,0.3,-0.2,0.0,-0.1,-0.0,-0.1,-0.0,-0.0,-0.0,0.0,-0.0,-0.0,-0.0,1152979.6
17100,0.0,2.1,2.8,0.1,0.0,0.0,0.0,0.1,0.0,0.0,0.0,0.0,0.0,0.0,0.3,-0.0,0.6,0.3,-0.2,0.0,-0.1,-0.0,-0.0,-0.0,-0.0,-0.0,0.0,-0.0,-0.0,-0.0,1204724.8
18000,0.0,2.1,2.8,0.1,0.0,0.0,0.0,0.1,0.0,0.0,0.0,0.0,0.0,0.0,0.3,-0.0,0.5,0.3,-0.2,-0.0,-0.1,-0.0,-0.1,-0.0,-0.0,-0.0,0.0,-0.0,-0.0,-0.0,1259688.5
18900,0.0,2.0,2.9,0.1,0.0,0.0,0.0,0.1,0.0,0.0,0.0,0.0,0.0,0.0,0.3,-0.0,0.6,0.3,-0.3,-0.0,-0.1,-0.0,-0.1,-0.0,-0.0,-0.0,0.0,-0.0,-0.0,-0.0,1318469.7
19800,0.0,2.0,2.9,0.2,0.0,0.0,0.0,0.2,0.0,0.0,0.0,0.0,0.0,0.0,0.3,-0.0,0.5,0.3,-0.2,-0.0,-0.1,-0.0,-0.1,-0.0,-0.0,-0.0,0.0,-0.0,-0.0,-0.0,1376598.2
20700,0.0,2.0,3.0,0.3,0.0,0.1,0.0,0.2,0.0,0.0,0.0,0.0,0.0,0.0,0.2,-0.0,0.5,0.3,-0.2,-0.0,-0.1,-0.0,-0.1,-0.0,-0.0,-0.0,0.0,-0.0,-0.0,-0.0,1435739.6
21600,0.0,2.0,3.0,0.2,0.0,0.0,0.0,0.2,0.0,0.0,0.0,0.0,0.0,0.0,0.3,-0.0,0.6,0.3,-0.2,-0.0,-0.1,-0.0,-0.1,-0.0,-0.0,-0.0,0.0,-0.0,-0.0,-0.0,1490134.2
22500,0.0,2.0,2.8,0.3,0.0,0.0,0.0,0.2,0.0,0.0,0.0,0.0,0.0,0.0,0.3,-0.0,0.6,0.3,-0.2,0.0,-0.1,-0.0,-0.1,-0.0,-0.0,-0.0,0.0,-0.0,-0.0,-0.0,1540393.4
23400,0.0,2.0,2.8,0.3,0.0,0.0,0.0,0.2,0.0,0.0,0.0,0.0,0.0,0.0,0.3,-0.0,0.5,0.3,-0.2,0.0,-0.1,-0.0,-0.1,-0.0,-0.0,-0.0,0.0,-0.0,-0.0,-0.0,1589299.2
24300,0.0,2.0,2.8,0.2,0.0,0.0,0.0,0.2,0.0,0.0,0.0,0.0,0.0,0.0,0.3,-0.0,0.5,0.3,-0.2,0.0,-0.1,-0.0,-0.1,-0.0,-0.0,-0.0,0.0,-0.0,-0.0,-0.0,1638707.4
25200,0.0,2.0,2.8,0.3,0.0,0.0,0.0,0.2,0.0,0.0,0.0,0.0,0.0,0.0,0.3,-0.0,0.4,0.3,-0.2,0.0,-0.1,-0.0,-0.1,-0.0,-0.0,-0.0,0.0,-0.0,-0.0,-0.0,1687282.0
26100,0.0,2.1,2.8,0.3,0.0,0.1,0.0,0.2,0.0,0.0,0.0,0.0,0.0,0.0,0.3,-0.0,0.4,0.3,-0.2,0.0,-0.1,-0.0,-0.1,-0.0,-0.0,-0.0,0.0,-0.0,-0.0,-0.0,1736096.5
27000,0.0,2.3,2.8,0.5,0.0,0.1,0.0,0.2,0.0,0.0,0.0,0.0,0.0,0.0,0.3,-0.0,0.4,0.3,-0.1,-0.0,-0.1,-0.0,-0.1,-0.0,-0.0,-0.0,0.0,-0.0,-0.0,-0.0,1784694.5
27900,0.0,2.3,2.8,0.5,0.0,0.1,0.0,0.2,0.0,0.0,0.0,0.0,0.0,0.0,0.3,-0.0,0.3,0.3,-0.1,-0.0,-0.2,-0.0,-0.1,-0.0,-0.0,-0.0,0.0,-0.0,-0.0,-0.0,1831105.1
28800,0.7,2.2,2.8,0.5,0.0,0.1,0.0,0.3,0.0,0.0,0.0,0.0,0.0,0.0,0.3,-0.2,0.4,0.3,-0.1,-0.0,-0.2,-0.0,-0.1,-0.0,-0.0,-0.0,0.0,-0.0,-0.0,-0.0,1876913.5
29700,1.3,2.2,2.8,0.3,0.0,0.1,0.0,0.3,0.0,0.0,0.0,0.0,-0.0,0.0,0.3,-0.1,0.4,0.3,-0.2,-0.0,-0.2,-0.0,-0.1,-0.0,-0.0,-0.0,0.0,-0.0,-0.0,-0.0,1931524.2
30600,1.8,2.3,2.8,0.3,0.0,0.1,0.0,0.3,0.0,0.0,0.0,0.0,-0.0,0.0,0.3,-0.2,0.4,0.3,-0.2,-0.0,-0.2,-0.0,-0.1,-0.0,-0.0,-0.0,0.0,-0.0,-0.0,-0.0,1988154.3
31500,2.2,2.3,2.8,0.3,0.0,0.2,0.0,0.3,0.0,0.0,0.0,0.0,-0.0,0.0,0.3,-0.2,0.4,0.3,-0.2,-0.0,-0.2,-0.0,-0.1,-0.0,-0.0,-0.0,0.0,-0.0,-0.0,-0.0,2039873.8
32400,2.5,2.3,2.8,0.3,0.0,0.2,0.0,0.3,0.0,0.0,0.0,0.0,-0.0,0.0,0.3,-0.4,0.4,0.3,-0.2,-0.0,-0.2,-0.0,-0.1,-0.0,-0.0,-0.0,0.0,-0.0,-0.0,-0.0,2069048.8
33300,2.8,2.4,2.8,0.3,0.0,0.2,0.0,0.3,0.0,0.0,0.0,0.0,-0.0,0.0,0.3,-0.4,0.3,0.3,-0.2,0.0,-0.2,-0.0,-0.1,-0.0,-0.0,-0.0,0.0,-0.0,-0.0,-0.0,2095456.6
34200,2.9,2.4,2.8,0.3,0.0,0.3,0.0,0.3,0.0,0.0,0.0,0.0,-0.0,0.0,0.2,-0.3,0.3,0.3,-0.2,0.0,-0.3,-0.0,-0.1,-0.0,-0.1,-0.0,0.0,-0.0,-0.0,-0.0,2112396.1
35100,3.1,2.5,2.8,0.3,0.0,0.3,0.0,0.3,0.0,0.0,0.0,0.0,-0.0,0.0,0.3,-0.3,0.3,0.3,-0.2,0.0,-0.3,-0.0,-0.1,-0.0,-0.1,-0.0,0.0,-0.0,-0.0,-0.0,2120543.4
36000,3.3,2.7,2.8,0.3,0.0,0.4,0.0,0.3,0.0,0.0,0.0,0.0,0.0,0.0,0.3,-0.3,0.2,0.2,-0.2,0.0,-0.3,-0.0,-0.1,-0.0,-0.1,-0.0,0.0,-0.0,-0.0,-0.0,2128261.3
36900,3.4,2.7,2.8,0.3,0.0,0.4,0.0,0.3,0.0,0.0,0.0,0.0,0.0,0.0,0.3,-0.3,0.2,0.2,-0.2,0.0,-0.3,-0.0,-0.1,-0.0,-0.1,-0.0,0.0,-0.0,-0.0,-0.0,2138841.8
37800,3.4,2.6,2.8,0.3,0.0,0.5,0.0,0.3,0.0,0.0,0.0,0.0,0.0,0.0,0.3,-0.3,0.3,0.2,-0.2,0.1,-0.3,-0.0,-0.1,-0.0,-0.1,-0.0,0.0,-0.0,-0.0,-0.0,2147394.1
38700,3.5,2.6,2.8,0.3,0.1,0.4,0.0,0.3,0.0,0.0,0.0,0.0,0.0,0.0,0.3,-0.3,0.3,0.2,-0.2,0.1,-0.2,-0.0,-0.1,-0.0,-0.1,-0.0,0.0,-0.0,-0.0,-0.0,2153452.0
39600,3.5,2.6,2.8,0.3,0.1,0.4,0.0,0.4,0.0,0.0,0.0,0.0,0.0,0.0,0.3,-0.3,0.3,0.2,-0.2,0.1,-0.2,-0.0,-0.1,-0.0,-0.1,-0.0,0.0,-0.0,-0.0,-0.0,2159582.4
40500,3.6,2.6,2.7,0.3,0.1,0.5,0.0,0.4,0.0,0.0,0.1,0.0,0.1,0.0,0.3,-0.3,0.3,0.2,-0.2,0.1,-0.2,-0.0,-0.1,-0.0,-0.1,-0.2,0.0,-0.1,-0.0,-0.0,2173766.8
41400,3.6,2.6,2.7,0.3,0.1,0.5,0.0,0.4,0.0,0.0,0.1,0.0,0.1,0.1,0.3,-0.3,0.3,0.2,-0.2,0.1,-0.1,-0.0,-0.1,-0.0,-0.1,-0.2,0.0,-0.1,-0.0,-0.0,2193881.1
42300,3.7,2.6,2.7,0.3,0.1,0.6,0.0,0.5,0.0,0.0,0.1,0.0,0.1,0.1,0.3,-0.3,0.3,0.2,-0.2,0.1,-0.1,-0.0,-0.1,-0.0,-0.1,-0.2,0.0,-0.0,-0.0,-0.0,2218057.0
43200,3.7,2.6,2.7,0.3,0.1,0.6,0.0,0.5,0.0,0.0,0.1,0.0,0.1,0.1,0.3,-0.3,0.3,0.2,-0.2,0.0,-0.1,-0.0,-0.1,-0.0,-0.1,-0.3,0.0,-0.0,-0.0,-0.0,2247001.6
44100,3.7,2.6,2.7,0.3,0.1,0.6,0.0,0.5,0.0,0.0,0.1,0.0,0.1,0.1,0.3,-0.3,0.3,0.2,-0.2,0.0,-0.1,-0.0,-0.1,-0.0,-0.1,-0.4,0.0,-0.0,-0.0,-0.0,2283049.8
45000,3.8,2.6,2.7,0.3,0.1,0.6,0.0,0.6,0.0,0.0,0.1,0.0,0.0,0.1,0.2,-0.3,0.3,0.2,-0.2,0.0,-0.1,-0.0,-0.1,-0.0,-0.1,-0.3,0.0,-0.0,-0.0,-0.0,2323440.0
45900,3.8,2.6,2.7,0.3,0.1,0.6,0.0,0.6,0.0,0.0,0.1,0.0,0.0,0.1,0.3,-0.3,0.3,0.2,-0.2,0.0,-0.2,-0.0,-0.1,-0.0,-0.1,-0.3,0.0,-0.0,-0.0,-0.0,2370187.5
46800,3.9,2.6,2.7,0.3,0.1,0.6,0.0,0.6,0.1,0.0,0.1,0.0,0.0,0.1,0.3,-0.3,0.3,0.2,-0.2,0.0,-0.2,-0.0,-0.1,-0.1,-0.1,-0.3,0.0,-0.0,-0.0,-0.0,2422011.7
47700,3.9,2.6,2.7,0.3,0.1,0.7,0.0,0.7,0.4,0.0,0.1,0.0,0.0,0.1,0.3,-0.3,0.3,0.2,-0.2,-0.0,-0.2,-0.0,-0.1,-0.1,-0.1,-0.4,0.0,-0.0,-0.0,-0.0,2477353.3
48600,3.9,2.7,2.8,0.3,0.1,0.8,0.0,0.7,0.5,0.0,0.1,0.0,0.0,0.1,0.3,-0.3,0.3,0.2,-0.2,-0.0,-0.2,-0.0,-0.1,0.1,-0.1,-0.4,0.0,-0.0,-0.0,-0.0,2537028.5
49500,4.0,2.7,2.8,0.3,0.1,0.9,0.0,0.8,0.5,0.0,0.1,0.0,0.0,0.1,0.3,-0.3,0.3,0.2,-0.2,-0.0,-0.2,-0.0,-0.1,0.1,-0.1,-0.4,0.0,-0.0,-0.0,-0.0,2600527.3
50400,4.1,2.7,2.8,0.3,0.2,1.0,0.0,0.8,0.6,0.0,0.1,0.0,0.0,0.1,0.3,-0.3,0.3,0.2,-0.3,-0.0,-0.2,-0.0,-0.1,0.0,-0.1,-0.4,0.0,-0.0,-0.0,-0.0,2669547.3
51300,4.1,2.7,2.8,0.4,0.2,1.1,0.0,0.8,0.7,0.0,0.1,0.0,0.0,0.1,0.3,-0.3,0.3,0.3,-0.2,-0.0,-0.2,-0.0,-0.1,0.0,-0.1,-0.4,0.0,-0.0,-0.0,-0.0,2742622.1
52200,4.1,2.7,2.9,0.6,0.2,1.2,0.0,0.9,0.7,0.0,0.1,0.0,0.0,0.1,0.3,-0.3,0.3,0.3,-0.2,-0.0,-0.2,-0.0,-0.1,0.0,-0.1,-0.4,0.0,-0.0,-0.0,-0.0,2819982.4
53100,4.2,2.7,2.9,0.7,0.2,1.3,0.0,0.9,0.8,0.0,0.1,0.0,0.0,0.1,0.3,-0.3,0.3,0.3,-0.2,-0.1,-0.2,-0.0,-0.1,0.0,-0.1,-0.4,0.0,-0.0,-0.0,-0.0,2900811.3
54000,4.2,2.7,3.0,0.9,0.3,1.3,0.0,0.9,0.9,0.0,0.1,0.0,0.0,0.1,0.3,-0.4,0.3,0.3,-0.2,-0.1,-0.2,-0.0,-0.1,0.0,-0.1,-0.4,0.0,-0.0,-0.0,-0.0,2984409.4
54900,4.2,2.7,3.1,1.1,0.3,1.4,0.0,1.0,0.9,0.0,0.1,0.0,0.0,0.1,0.4,-0.4,0.3,0.3,-0.1,-0.1,-0.2,-0.0,-0.1,0.0,-0.1,-0.4,0.0,-0.0,-0.0,-0.0,3072654.1
55800,4.3,2.7,3.2,1.3,0.3,1.5,0.0,1.0,1.0,0.0,0.1,0.0,0.0,0.1,0.4,-0.3,0.3,0.3,0.1,-0.1,-0.2,-0.1,-0.1,0.0,-0.1,-0.4,0.0,-0.0,-0.0,-0.0,3166430.3
56700,4.4,2.7,3.3,1.4,0.4,1.5,0.1,1.0,1.1,0.0,0.1,0.0,0.0,0.1,0.4,-0.4,0.3,0.3,0.1,-0.1,-0.2,-0.1,-0.1,-0.0,-0.1,-0.4,0.0,-0.0,-0.0,-0.0,3264916.8
57600,4.4,2.8,3.7,1.4,0.4,1.6,0.1,1.1,1.1,0.0,0.1,0.0,0.0,0.1,0.4,-0.4,0.3,0.2,0.1,-0.1,-0.2,-0.1,-0.1,-0.0,-0.1,-0.4,0.0,-0.0,-0.0,-0.0,3367382.8
58500,4.5,2.9,3.8,1.5,0.4,1.7,0.2,1.1,1.2,0.0,0.1,0.0,0.0,0.1,0.4,-0.4,0.4,0.3,0.1,-0.1,-0.2,-0.1,-0.1,-0.0,-0.1,-0.4,0.0,-0.0,-0.0,-0.1,3474430.1
59400,4.5,3.1,4.0,1.5,0.5,1.7,0.2,1.1,1.3,0.0,0.1,0.0,0.0,0.1,0.4,-0.4,0.3,0.2,0.1,-0.1,-0.2,-0.1,-0.1,-0.0,-0.1,-0.4,0.0,-0.0,-0.0,-0.1,3584250.4
60300,4.5,3.1,4.1,1.5,0.5,1.8,0.2,1.2,1.3,0.0,0.1,0.0,0.0,0.1,0.3,-0.4,0.3,0.3,0.1,-0.1,-0.2,-0.1,-0.1,-0.0,-0.1,-0.5,0.0,-0.0,-0.0,-0.2,3696085.5
61200,4.5,3.1,4.1,1.5,0.6,1.8,0.3,1.2,1.4,0.0,0.1,0.0,0.0,0.1,-0.1,-0.4,0.3,0.3,0.1,-0.1,-0.2,-0.1,-0.1,-0.0,-0.1,-0.4,0.0,-0.0,-0.0,-0.3,3808159.0
62100,4.5,3.1,4.2,1.5,0.6,1.9,0.3,1.2,1.4,0.0,0.1,0.0,0.0,0.1,-0.6,-0.4,0.3,0.3,0.1,-0.1,-0.2,-0.1,-0.1,-0.0,-0.1,-0.4,0.0,-0.0,-0.0,-0.2,3921397.3
63000,4.6,3.1,4.2,1.5,0.6,1.9,0.3,1.3,1.5,0.0,0.1,0.0,0.0,0.1,-0.6,-0.4,0.3,0.3,0.1,-0.1,-0.2,-0.2,-0.1,-0.1,-0.1,-0.4,0.0,-0.0,-0.0,-0.1,4034548.0
63900,4.7,3.1,4.3,1.5,0.7,2.0,0.4,1.3,1.5,0.0,0.1,0.0,0.0,0.1,-0.5,-0.3,0.3,0.2,0.1,-0.1,-0.2,-0.2,-0.1,-0.1,-0.1,-0.4,0.0,-0.0,-0.0,-0.1,4146020.3
64800,4.8,3.1,4.3,1.5,0.7,2.0,0.4,1.3,1.6,0.0,0.1,0.0,0.0,0.1,-0.3,-0.4,0.3,0.2,0.1,-0.1,-0.2,-0.2,-0.1,-0.1,-0.1,-0.4,0.1,-0.0,-0.0,-0.1,4255820.3
65700,4.9,3.1,4.3,1.6,0.7,2.1,0.4,1.3,1.6,0.0,0.1,0.0,0.0,0.1,-0.1,-0.4,0.2,0.2,0.1,-0.1,-0.2,-0.2,-0.1,-0.1,-0.0,-0.4,0.1,-0.0,-0.0,-0.1,4363319.5
66600,5.0,3.1,4.3,1.6,0.8,2.1,0.5,1.3,1.6,0.0,0.1,0.0,0.0,0.1,-0.1,-0.4,0.0,0.2,0.1,-0.1,-0.2,-0.2,-0.1,-0.1,-0.0,-0.4,0.1,-0.0,-0.0,-0.1,4469872.7
67500,5.1,3.1,4.3,1.6,0.8,2.2,0.5,1.4,1.7,0.0,0.1,0.0,0.0,0.1,-0.1,-0.4,0.0,0.2,0.1,-0.1,-0.2,-0.2,-0.1,-0.1,-0.1,-0.4,0.0,-0.0,-0.0,-0.1,4574904.3
68400,5.1,3.1,4.3,1.7,0.8,2.2,0.6,1.4,1.7,0.0,0.1,0.0,0.0,0.1,-0.1,-0.5,0.0,0.3,0.1,-0.1,-0.2,-0.2,-0.1,-0.1,-0.1,-0.4,0.0,-0.1,-0.0,-0.2,4676807.4
69300,5.2,3.2,4.3,1.6,0.8,2.2,0.6,1.4,1.7,0.0,0.1,0.0,0.1,0.1,-0.1,-0.5,-0.0,0.2,0.1,-0.1,-0.2,-0.2,-0.1,-0.1,-0.1,-0.4,0.1,-0.1,-0.0,-0.2,4777828.9
70200,5.2,3.2,4.3,1.6,0.8,2.2,0.6,1.4,1.8,0.0,0.1,0.0,0.1,0.1,-0.1,-0.5,-0.0,0.2,0.1,-0.1,-0.2,-0.2,-0.1,-0.1,-0.1,-0.4,0.1,-0.1,-0.0,-0.2,4876128.1
71100,5.2,3.2,4.4,1.7,0.8,2.3,0.7,1.4,1.8,0.0,0.1,0.0,0.1,0.1,-0.1,-0.5,-0.0,0.2,0.1,-0.1,-0.2,-0.2,-0.1,-0.1,-0.1,-0.4,0.1,-0.1,-0.0,-0.2,4972587.9
72000,5.3,3.2,4.4,1.7,0.8,2.3,0.7,1.4,1.8,0.0,0.1,0.0,0.1,0.1,-0.2,-0.5,-0.0,0.2,0.1,-0.1,-0.2,-0.2,-0.1,-0.1,-0.1,-0.4,0.1,-0.1,-0.0,-0.3,5066651.6
72900,5.3,3.2,4.3,1.7,0.9,2.3,0.7,1.4,1.8,0.0,0.1,0.0,0.2,0.2,-0.3,-0.5,0.0,0.2,0.1,-0.1,-0.2,-0.2,-0.1,-0.1,-0.1,-0.4,0.1,-0.1,-0.0,-0.3,5158359.8
73800,5.4,3.2,4.2,1.7,0.9,2.3,0.8,1.5,1.8,0.0,0.1,0.0,0.2,0.2,-0.3,-0.4,0.0,0.2,0.1,-0.1,-0.2,-0.2,-0.1,-0.1,-0.1,-0.4,0.1,-0.1,-0.0,-0.3,5246243.8
74700,5.4,3.2,4.2,1.7,0.9,2.4,0.8,1.5,1.9,0.0,0.1,0.0,0.3,0.3,-0.5,-0.4,0.0,0.2,0.1,-0.1,-0.2,-0.2,-0.1,-0.1,-0.1,-0.4,0.1,-0.0,-0.0,-0.3,5331023.4
75600,5.5,3.2,4.1,1.9,0.9,2.4,0.8,1.5,1.9,0.0,0.1,0.0,0.3,0.3,-0.4,-0.5,0.0,0.2,0.0,-0.1,-0.2,-0.2,-0.1,-0.1,-0.1,-0.4,0.1,0.0,-0.0,-0.3,5412398.8
76500,5.5,3.2,4.1,1.9,0.9,2.4,0.9,1.5,1.9,0.0,0.1,0.0,0.3,0.3,-0.4,-0.4,0.0,0.2,0.1,-0.1,-0.2,-0.2,-0.1,-0.1,-0.2,-0.4,0.1,0.0,-0.0,-0.4,5490857.8
77400,5.5,3.2,4.1,1.9,0.9,2.4,0.9,1.5,1.9,0.0,0.1,0.0,0.3,0.3,-0.4,-0.4,0.0,0.2,0.1,-0.1,-0.2,-0.2,-0.1,-0.1,-0.2,-0.4,0.1,0.0,-0.0,-0.4,5566153.1
78300,5.6,3.2,4.1,1.9,1.0,2.5,0.9,1.5,1.9,0.0,0.1,0.0,0.4,0.4,-0.4,-0.4,0.0,0.2,0.0,-0.1,-0.2,-0.2,-0.1,-0.1,-0.2,-0.4,0.1,0.0,-0.0,-0.4,5638867.2
79200,5.6,3.2,4.2,2.0,1.0,2.5,1.0,1.5,2.0,0.0,0.1,0.0,0.4,0.4,-0.4,-0.4,0.0,0.2,0.0,-0.1,-0.2,-0.2,-0.1,-0.1,-0.2,-0.4,0.1,0.0,-0.0,-0.4,5709580.9
80100,5.7,3.3,4.2,2.0,1.0,2.5,1.0,1.5,2.0,0.0,0.1,0.0,0.4,0.4,-0.4,-0.4,0.1,0.2,0.0,-0.1,-0.2,-0.2,-0.1,-0.1,-0.2,-0.4,0.1,0.0,-0.0,-0.4,5778002.3
81000,5.7,3.3,4.2,2.0,1.0,2.5,1.0,1.5,2.0,0.0,0.1,0.0,0.4,0.5,-0.4,-0.4,0.1,0.2,0.0,-0.1,-0.2,-0.2,-0.1,-0.1,-0.2,-0.4,0.1,0.0,-0.0,-0.4,5845441.4
81900,5.8,3.3,4.3,2.0,1.0,2.5,1.0,1.6,2.0,0.0,0.1,0.0,0.4,0.5,-0.4,-0.4,0.1,0.2,0.0,-0.1,-0.2,-0.2,-0.1,-0.1,-0.2,-0.4,0.1,0.0,-0.0,-0.5,5914510.2
82800,5.8,3.3,4.4,2.0,1.0,2.6,1.1,1.6,2.0,0.0,0.1,0.0,0.4,0.5,-0.4,-0.4,0.1,0.1,0.0,-0.1,-0.2,-0.2,-0.1,-0.1,-0.3,-0.4,0.1,0.0,-0.0,-0.5,5984772.7
83700,5.8,3.3,4.5,2.0,1.0,2.6,1.1,1.6,2.0,0.0,0.1,0.0,0.4,0.5,-0.3,-0.4,0.1,0.1,0.0,-0.1,-0.2,-0.2,-0.1,-0.1,-0.3,-0.4,0.1,0.0,-0.0,-0.5,6057400.8
84600,5.9,3.3,4.6,2.1,1.1,2.6,1.1,1.6,2.1,0.1,0.1,0.0,0.4,0.6,-0.3,-0.5,0.1,0.0,0.0,-0.1,-0.2,-0.2,-0.1,-0.1,-0.3,-0.4,0.1,0.0,-0.0,-0.5,6134073.4
85500,5.9,3.3,4.7,2.1,1.1,2.6,1.1,1.6,2.1,0.1,0.0,0.0,0.4,0.6,-0.1,-0.5,0.1,0.0,0.0,-0.1,-0.2,-0.2,-0.1,-0.1,-0.3,-0.4,0.1,0.0,-0.0,-0.4,6213364.8
86400,5.9,3.3,4.8,2.1,1.1,2.6,1.2,1.7,2.1,0.1,0.0,0.0,0.4,0.6,0.5,-0.5,0.1,-0.0,0.1,-0.1,-0.2,-0.2,-0.1,-0.1,-0.3,-0.4,0.1,0.0,-0.0,-0.4,6292341.4
87300,6.0,3.3,4.9,2.1,1.1,2.6,1.2,1.7,2.1,0.1,0.0,0.0,0.5,0.6,0.6,-0.5,0.1,-0.1,0.1,-0.1,-0.2,-0.2,-0.1,-0.1,-0.3,-0.4,0.1,-0.0,-0.0,-0.4,6376469.5
88200,6.0,3.3,4.9,2.1,1.2,2.7,1.2,1.7,2.1,0.1,0.0,0.0,0.5,0.6,0.6,-0.5,0.1,-0.0,0.1,-0.1,-0.2,-0.2,-0.1,-0.1,-0.3,-0.4,0.1,-0.0,-0.0,-0.3,6463934.4
89100,6.0,3.3,5.0,2.2,1.2,2.7,1.2,1.7,2.2,0.1,0.0,0.0,0.5,0.7,0.7,-0.5,0.1,-0.0,0.1,-0.1,-0.2,-0.2,-0.1,-0.1,-0.3,-0.4,0.1,-0.0,-0.0,-0.3,6554519.5
90000,6.1,3.3,5.1,2.2,1.2,2.7,1.3,1.8,2.2,0.1,0.0,0.0,0.5,0.7,0.7,-0.5,0.1,-0.1,0.1,-0.1,-0.2,-0.2,-0.1,-0.1,-0.3,-0.5,0.1,-0.0,-0.0,-0.2,6648321.9
90900,6.1,3.3,5.2,2.2,1.3,2.7,1.3,1.8,2.2,0.1,0.0,-0.0,0.5,0.7,0.7,-0.5,0.2,-0.1,0.1,-0.1,-0.2,-0.2,-0.1,-0.1,-0.3,-0.5,0.1,-0.0,-0.0,-0.2,6744609.4
91800,6.1,3.4,5.2,2.2,1.3,2.8,1.3,1.8,2.2,0.1,0.0,-0.0,0.6,0.7,0.8,-0.5,0.0,-0.1,0.1,-0.1,-0.2,-0.2,-0.1,-0.1,-0.4,-0.5,0.1,-0.1,-0.0,-0.0,6842379.7
92700,6.1,3.3,5.3,2.3,1.3,2.8,1.3,1.8,2.3,0.1,0.0,-0.0,0.6,0.8,0.8,-0.5,0.1,-0.2,0.1,-0.1,-0.2,-0.2,-0.1,-0.1,-0.4,-0.5,0.1,-0.1,-0.0,-0.0,6942603.1
93600,6.2,3.3,5.4,2.3,1.3,2.8,1.4,1.8,2.3,0.1,0.0,-0.0,0.6,0.8,0.8,-0.5,0.1,-0.2,0.1,-0.1,-0.2,-0.2,-0.1,-0.1,-0.4,-0.5,0.1,-0.1,-0.0,-0.0,7045129.7
94500,6.2,3.4,5.5,2.3,1.3,2.8,1.4,1.9,2.3,0.1,0.0,-0.0,0.6,0.8,0.8,-0.5,0.1,-0.2,0.1,-0.1,-0.2,-0.2,-0.1,-0.1,-0.4,-0.4,0.1,-0.1,-0.0,-0.0,7151400.0
95400,6.2,3.4,5.5,2.3,1.4,2.9,1.4,1.9,2.3,0.1,0.0,-0.0,0.6,0.8,0.9,-0.5,-0.0,-0.2,0.1,-0.1,-0.2,-0.2,-0.1,-0.1,-0.4,-0.4,0.1,-0.1,-0.0,-0.0,7264340.6
96300,6.2,3.4,5.6,2.4,1.4,2.9,1.4,1.9,2.4,0.1,0.0,-0.0,0.6,0.8,0.9,-0.5,0.0,-0.2,0.1,-0.1,-0.2,-0.2,-0.1,-0.1,-0.4,-0.4,0.1,-0.1,-0.0,-0.0,7382701.6
97200,6.2,3.5,5.6,2.4,1.4,2.9,1.4,1.9,2.4,0.1,0.0,-0.0,0.7,0.8,1.0,-0.5,0.0,-0.2,0.1,-0.1,-0.2,-0.2,-0.1,-0.1,-0.4,-0.4,0.1,-0.1,-0.0,-0.0,7501996.9
98100,6.2,3.5,5.6,2.4,1.4,2.9,1.5,2.0,2.4,0.1,0.0,-0.0,0.7,0.9,1.0,-0.5,0.0,-0.2,0.1,-0.1,-0.2,-0.2,-0.1,-0.1,-0.4,-0.4,0.1,-0.1,-0.1,-0.0,7619790.6
99000,6.2,3.5,5.7,2.4,1.4,3.0,1.5,2.0,2.5,0.1,0.0,-0.0,0.7,0.9,1.0,-0.5,0.1,-0.2,0.1,-0.1,-0.2,-0.2,-0.1,-0.1,-0.4,-0.4,0.1,-0.1,-0.1,-0.0,7738854.7
99900,6.2,3.5,5.7,2.5,1.5,3.0,1.5,2.0,2.5,0.1,0.0,-0.0,0.7,0.9,1.0,-0.5,0.1,-0.2,0.1,-0.1,-0.2,-0.2,-0.1,-0.1,-0.5,-0.4,0.1,-0.1,-0.1,-0.0,7858187.5
100800,6.2,3.6,5.7,2.5,1.5,3.0,1.5,2.1,2.5,0.2,0.0,-0.0,0.7,0.9,1.0,-0.5,0.1,-0.2,0.1,-0.1,-0.2,-0.2,-0.1,-0.1,-0.5,-0.4,0.1,-0.1,-0.1,-0.0,7976135.9
101700,6.2,3.6,5.7,2.5,1.5,3.1,1.6,2.1,2.6,0.1,0.0,0.0,0.7,1.0,1.1,-0.5,0.1,-0.2,0.1,-0.1,-0.2,-0.2,-0.1,-0.2,-0.5,-0.4,0.1,-0.1,-0.1,-0.0,8092774.2
102600,6.3,3.6,5.7,2.6,1.6,3.1,1.6,2.1,2.6,0.1,0.0,0.0,0.7,1.0,1.1,-0.5,0.0,-0.2,0.1,-0.1,-0.2,-0.2,-0.1,-0.2,-0.5,-0.4,0.1,-0.1,-0.1,-0.0,8207578.1
103500,6.3,3.6,5.7,2.6,1.6,3.1,1.6,2.1,2.6,0.2,0.0,0.0,0.8,1.0,1.1,-0.5,0.0,-0.2,0.1,-0.1,-0.2,-0.2,-0.1,-0.2,-0.5,-0.4,0.1,-0.1,-0.1,-0.0,8320082.8
104400,6.3,3.7,5.7,2.6,1.6,3.1,1.6,2.1,2.6,0.2,0.0,0.0,0.8,1.1,1.1,-0.5,0.0,-0.2,0.1,-0.1,-0.2,-0.2,-0.1,-0.2,-0.5,-0.3,0.1,-0.1,-0.1,-0.0,8430437.5
105300,6.4,3.7,5.6,2.6,1.6,3.2,1.7,2.2,2.7,0.2,0.0,0.0,0.8,1.1,1.1,-0.6,0.0,-0.2,-0.0,-0.1,-0.2,-0.2,-0.1,-0.2,-0.5,-0.3,0.1,-0.1,-0.1,-0.0,8536065.6
106200,6.4,3.8,5.6,2.7,1.6,3.2,1.7,2.2,2.7,0.2,0.0,0.0,0.9,1.2,1.1,-0.6,0.1,-0.3,-0.0,-0.1,-0.2,-0.2,-0.1,-0.2,-0.6,-0.3,0.1,-0.1,-0.1,-0.0,8638275.0
107100,6.4,3.8,5.6,2.7,1.7,3.2,1.7,2.2,2.7,0.2,0.0,0.0,0.9,1.2,1.0,-0.6,-0.0,-0.3,-0.0,-0.1,-0.2,-0.2,-0.1,-0.2,-0.6,-0.3,0.1,-0.1,-0.1,-0.0,8738835.9
108000,6.5,3.8,5.6,2.7,1.7,3.2,1.7,2.2,2.7,0.2,0.0,0.1,0.9,1.2,1.0,-0.6,0.1,-0.3,-0.0,-0.1,-0.2,-0.2,-0.1,-0.2,-0.6,-0.3,0.1,-0.1,-0.1,-0.0,8837734.4
108900,6.5,3.8,5.6,2.7,1.7,3.2,1.8,2.2,2.7,0.2,0.0,0.1,1.0,1.2,1.0,-0.6,0.1,-0.2,-0.0,-0.1,-0.2,-0.2,-0.1,-0.2,-0.6,-0.3,0.1,-0.1,-0.1,-0.0,8933684.4
109800,6.6,3.8,5.6,2.7,1.7,3.3,1.8,2.3,2.8,0.2,0.0,0.1,1.0,1.3,1.0,-0.5,0.1,-0.3,-0.0,-0.1,-0.2,-0.2,-0.1,-0.2,-0.6,-0.3,0.2,-0.1,-0.1,-0.0,9028894.5
110700,6.6,3.8,5.5,2.8,1.8,3.3,1.8,2.3,2.8,0.2,0.0,0.2,1.0,1.3,1.0,-0.5,0.1,-0.2,-0.0,-0.1,-0.2,-0.2,-0.1,-0.2,-0.6,-0.3,0.2,-0.1,-0.1,-0.0,9122835.9
111600,6.6,3.8,5.5,2.8,1.8,3.3,1.8,2.3,2.8,0.2,0.0,0.2,1.0,1.3,1.0,-0.5,0.2,-0.2,-0.0,-0.1,-0.2,-0.2,-0.1,-0.2,-0.6,-0.3,0.2,-0.1,-0.1,-0.0,9215878.1
112500,6.6,3.8,5.5,2.8,1.8,3.3,1.9,2.3,2.8,0.2,0.0,0.2,1.0,1.4,1.0,-0.5,0.2,-0.3,-0.0,-0.1,-0.2,-0.2,-0.1,-0.2,-0.6,-0.4,0.3,-0.1,-0.1,-0.0,9307178.1
113400,6.6,3.8,5.4,2.8,1.8,3.4,1.9,2.3,2.9,0.2,0.0,0.2,1.0,1.4,1.0,-0.5,0.1,-0.3,-0.0,-0.1,-0.2,-0.2,-0.1,-0.2,-0.6,-0.4,0.3,-0.1,-0.1,-0.0,9395217.2
114300,6.7,3.9,5.4,2.8,1.8,3.4,1.9,2.4,2.9,0.3,0.0,0.3,1.1,1.4,1.0,-0.5,0.1,-0.3,-0.0,-0.1,-0.2,-0.2,-0.1,-0.2,-0.7,-0.4,0.3,-0.1,-0.1,-0.0,9479000.8
115200,6.7,3.9,5.4,2.9,1.9,3.4,1.9,2.4,2.9,0.3,0.0,0.3,1.1,1.4,0.9,-0.5,0.1,-0.3,-0.0,-0.1,-0.2,-0.2,-0.1,-0.2,-0.7,-0.4,0.3,-0.1,-0.1,-0.0,9563181.2
116100,6.7,3.9,5.4,2.9,1.9,3.4,1.9,2.4,2.9,0.3,0.0,0.3,1.1,1.4,0.9,-0.5,0.1,-0.3,-0.0,-0.1,-0.2,-0.2,-0.1,-0.2,-0.7,-0.4,0.3,-0.1,-0.1,-0.0,9648103.1
117000,6.7,3.9,5.3,2.9,1.9,3.4,1.9,2.4,3.0,0.3,0.0,0.3,1.1,1.4,0.9,-0.5,0.1,-0.3,-0.0,-0.1,-0.2,-0.2,-0.1,-0.2,-0.7,-0.4,0.3,-0.1,-0.1,-0.0,9732277.3
117900,6.7,3.9,5.3,2.9,1.9,3.4,2.0,2.4,3.0,0.3,0.0,0.3,1.1,1.5,0.8,-0.5,0.1,-0.3,-0.0,-0.1,-0.2,-0.2,-0.1,-0.2,-0.7,-0.4,0.3,-0.1,-0.1,-0.0,9816796.1
118800,6.8,4.0,5.3,2.9,1.9,3.5,2.0,2.5,3.0,0.3,0.0,0.4,1.1,1.5,0.8,-0.5,0.1,-0.3,-0.1,-0.1,-0.2,-0.2,-0.1,-0.2,-0.7,-0.4,0.3,-0.1,-0.1,-0.0,9903955.5
119700,6.8,4.0,5.2,3.0,1.9,3.5,2.0,2.5,3.0,0.3,0.0,0.4,1.1,1.5,0.8,-0.5,0.1,-0.3,-0.1,-0.2,-0.2,-0.2,-0.1,-0.2,-0.7,-0.4,0.2,-0.1,-0.1,-0.0,9995925.0
120600,6.9,4.0,5.2,3.0,2.0,3.5,2.0,2.5,3.0,0.3,0.0,0.4,1.2,1.5,0.8,-0.5,0.0,-0.3,-0.1,-0.2,-0.2,-0.2,-0.1,-0.2,-0.7,-0.4,0.2,-0.1,-0.1,-0.0,10094550.0
121500,6.9,4.0,5.2,3.0,2.0,3.5,2.0,2.5,3.1,0.3,0.0,0.4,1.2,1.5,0.8,-0.5,0.0,-0.3,-0.1,-0.2,-0.2,-0.2,-0.1,-0.2,-0.7,-0.4,0.2,-0.1,-0.1,-0.0,10200089.1
122400,7.0,4.0,5.2,3.0,2.0,3.5,2.0,2.6,3.1,0.3,0.0,0.4,1.2,1.5,0.8,-0.5,0.0,-0.3,-0.1,-0.2,-0.2,-0.2,-0.1,-0.2,-0.7,-0.3,0.2,-0.1,-0.1,-0.0,10310906.2
123300,7.0,4.0,5.2,3.0,2.0,3.6,2.1,2.6,3.1,0.4,0.0,0.4,1.2,1.5,0.8,-0.5,0.2,-0.3,-0.1,-0.2,-0.2,-0.2,-0.1,-0.2,-0.7,-0.3,0.2,-0.1,-0.1,-0.0,10427982.8
124200,7.1,4.1,5.3,3.1,2.1,3.6,2.1,2.6,3.1,0.4,0.0,0.5,1.2,1.6,0.8,-0.5,0.2,-0.3,-0.1,-0.2,-0.2,-0.2,-0.1,-0.2,-0.7,-0.3,0.2,-0.1,-0.1,-0.0,10549979.7
125100,7.1,4.1,5.3,3.1,2.1,3.6,2.1,2.7,3.2,0.4,0.0,0.5,1.3,1.6,0.8,-0.5,0.1,-0.3,-0.1,-0.2,-0.2,-0.2,-0.1,-0.2,-0.7,-0.3,0.2,-0.1,-0.1,-0.0,10672375.8
126000,7.1,4.1,5.3,3.1,2.1,3.7,2.1,2.7,3.2,0.4,0.0,0.5,1.3,1.6,0.8,-0.5,0.1,-0.3,-0.1,-0.2,-0.2,-0.2,-0.1,-0.2,-0.7,-0.3,0.2,-0.1,-0.1,-0.0,10793145.3
126900,7.2,4.1,5.3,3.1,2.1,3.7,2.2,2.7,3.2,0.4,0.0,0.5,1.3,1.6,0.8,-0.5,0.1,-0.3,-0.1,-0.2,-0.2,-0.2,-0.1,-0.2,-0.7,-0.3,0.2,-0.2,-0.1,-0.0,10910246.9
127800,7.2,4.2,5.3,3.2,2.2,3.7,2.2,2.8,3.3,0.5,0.0,0.5,1.3,1.7,0.8,-0.5,0.1,-0.3,-0.1,-0.2,-0.2,-0.2,-0.1,-0.2,-0.7,-0.3,0.2,-0.2,-0.1,-0.0,11027024.2
128700,7.2,4.2,5.3,3.2,2.2,3.7,2.2,2.8,3.3,0.5,0.0,0.5,1.4,1.7,0.8,-0.5,0.1,-0.3,-0.1,-0.2,-0.2,-0.2,-0.1,-0.2,-0.7,-0.3,0.2,-0.2,-0.1,-0.0,11139371.9
129600,7.2,4.2,5.2,3.2,2.2,3.8,2.2,2.8,3.3,0.5,0.0,0.6,1.4,1.7,0.8,-0.5,0.1,-0.3,-0.1,-0.2,-0.2,-0.2,-0.1,-0.2,-0.7,-0.3,0.2,-0.2,-0.1,-0.0,11245984.4
130500,7.3,4.2,5.2,3.2,2.3,3.8,2.3,2.8,3.3,0.5,0.0,0.6,1.4,1.7,0.8,-0.5,0.1,-0.3,-0.1,-0.2,-0.2,-0.2,-0.1,-0.2,-0.7,-0.3,0.2,-0.2,-0.1,-0.0,11339232.8
131400,7.3,4.2,5.1,3.3,2.3,3.8,2.3,2.9,3.4,0.5,0.0,0.6,1.4,1.8,0.8,-0.5,0.1,-0.3,-0.1,-0.2,-0.2,-0.2,-0.1,-0.2,-0.7,-0.3,0.2,-0.2,-0.1,-0.0,11425825.0
132300,7.3,4.3,5.1,3.3,2.3,3.8,2.3,2.9,3.4,0.5,0.0,0.6,1.4,1.8,0.7,-0.5,0.1,-0.3,-0.1,-0.2,-0.2,-0.2,-0.1,-0.2,-0.8,-0.3,0.2,-0.2,-0.1,-0.0,11502717.2
133200,7.4,4.3,5.1,3.3,2.3,3.9,2.3,2.9,3.4,0.5,0.0,0.6,1.4,1.8,0.7,-0.5,0.1,-0.2,-0.1,-0.2,-0.2,-0.2,-0.1,-0.2,-0.8,-0.3,0.2,-0.2,-0.1,-0.0,11570139.8
134100,7.4,4.3,5.0,3.3,2.3,3.9,2.4,2.9,3.4,0.5,0.0,0.6,1.4,1.8,0.7,-0.5,0.1,-0.2,-0.1,-0.2,-0.2,-0.2,-0.1,-0.2,-0.8,-0.3,0.1,-0.2,-0.1,-0.0,11627720.3
135000,7.4,4.3,5.0,3.3,2.3,3.9,2.4,2.9,3.4,0.5,0.0,0.6,1.5,1.9,0.7,-0.5,0.1,-0.2,-0.1,-0.2,-0.2,-0.2,-0.1,-0.2,-0.8,-0.3,0.1,-0.2,-0.1,-0.0,11677353.1
135900,7.4,4.3,4.9,3.3,2.4,3.9,2.4,2.9,3.4,0.5,0.0,0.6,1.5,1.9,0.7,-0.5,0.2,-0.1,-0.1,-0.2,-0.2,-0.2,-0.1,-0.2,-0.8,-0.3,0.1,-0.2,-0.1,-0.0,11717532.0
136800,7.4,4.3,4.8,3.4,2.4,3.9,2.4,2.9,3.4,0.6,0.0,0.7,1.5,1.9,0.7,-0.5,0.2,-0.0,-0.1,-0.2,-0.2,-0.2,-0.1,-0.2,-0.8,-0.3,0.1,-0.2,-0.1,-0.0,11748534.4
137700,7.4,4.3,4.8,3.4,2.4,3.9,2.4,2.9,3.5,0.6,0.0,0.7,1.5,1.9,0.6,-0.5,0.2,-0.1,-0.1,-0.2,-0.2,-0.2,-0.1,-0.2,-0.8,-0.3,0.1,-0.2,-0.1,-0.0,11770309.4
138600,7.4,4.3,4.7,3.4,2.4,3.9,2.4,2.9,3.5,0.6,0.0,0.7,1.5,1.9,0.6,-0.5,0.1,0.0,-0.1,-0.2,-0.2,-0.2,-0.1,-0.2,-0.8,-0.3,0.1,-0.2,-0.1,-0.0,11782790.6
139500,7.5,4.3,4.6,3.4,2.4,3.9,2.4,2.9,3.5,0.6,0.0,0.7,1.5,1.9,0.6,-0.5,0.1,0.1,-0.1,-0.2,-0.2,-0.2,-0.1,-0.2,-0.8,-0.3,0.1,-0.2,-0.1,-0.0,11787050.8
140400,7.5,4.3,4.5,3.4,2.4,3.9,2.4,2.9,3.5,0.6,0.0,0.7,1.5,1.9,0.6,-0.5,0.1,0.2,-0.1,-0.2,-0.2,-0.2,-0.1,-0.2,-0.8,-0.3,0.1,-0.2,-0.1,-0.0,11781515.6
141300,7.5,4.3,4.4,3.4,2.4,3.9,2.4,2.9,3.5,0.6,0.0,0.7,1.5,1.9,0.6,-0.5,0.1,0.2,-0.1,-0.2,-0.2,-0.2,-0.1,-0.2,-0.8,-0.3,0.1,-0.2,-0.1,-0.0,11767385.9
142200,7.5,4.3,4.3,3.4,2.4,3.9,2.5,2.9,3.5,0.6,0.0,0.7,1.5,1.9,0.5,-0.5,0.1,0.3,-0.1,-0.2,-0.2,-0.2,-0.1,-0.2,-0.8,-0.3,0.1,-0.2,-0.1,-0.0,11744470.3
143100,7.5,4.3,4.3,3.4,2.4,3.9,2.5,2.9,3.4,0.6,0.0,0.7,1.5,1.9,0.5,-0.5,0.1,0.3,-0.1,-0.2,-0.2,-0.2,-0.1,-0.2,-0.8,-0.3,0.1,-0.2,-0.1,-0.0,11715500.8
144000,7.5,4.3,4.3,3.4,2.4,3.9,2.5,2.9,3.4,0.6,0.0,0.7,1.5,1.9,0.5,-0.5,0.1,0.3,-0.1,-0.2,-0.2,-0.2,-0.1,-0.2,-0.8,-0.3,0.1,-0.2,-0.1,-0.0,11678400.0
144900,7.5,4.3,4.2,3.4,2.4,3.9,2.5,2.9,3.4,0.6,0.0,0.7,1.5,1.9,0.5,-0.5,0.1,0.3,-0.1,-0.2,-0.2,-0.2,-0.1,-0.2,-0.8,-0.3,0.1,-0.2,-0.1,-0.0,11632219.5
145800,7.5,4.3,4.2,3.4,2.4,3.9,2.5,2.8,3.4,0.6,0.0,0.7,1.5,1.9,0.4,-0.5,0.1,0.2,-0.1,-0.2,-0.2,-0.2,-0.1,-0.2,-0.8,-0.3,0.1,-0.2,-0.1,-0.0,11580914.1
146700,7.5,4.3,4.1,3.4,2.4,3.9,2.4,2.8,3.4,0.6,0.0,0.7,1.5,1.9,0.4,-0.5,0.1,0.2,-0.1,-0.2,-0.2,-0.2,-0.1,-0.2,-0.8,-0.3,0.1,-0.2,-0.1,-0.3,11526279.7
147600,7.5,4.3,4.1,3.3,2.3,3.9,2.4,2.8,3.4,0.6,0.0,0.7,1.5,1.9,0.4,-0.5,0.1,0.2,-0.1,-0.2,-0.2,-0.2,-0.1,-0.2,-0.8,-0.3,0.1,-0.2,-0.1,-0.4,11467093.0
148500,7.5,4.3,4.1,3.3,2.3,3.9,2.4,2.8,3.4,0.6,0.0,0.7,1.5,1.9,0.4,-0.5,0.1,0.2,-0.1,-0.2,-0.2,-0.2,-0.1,-0.2,-0.8,-0.3,0.1,-0.2,-0.1,-0.4,11403547.7
149400,7.5,4.2,4.0,3.3,2.3,3.9,2.4,2.8,3.4,0.6,0.0,0.7,1.5,1.9,0.3,-0.5,0.2,0.3,-0.1,-0.2,-0.2,-0.2,-0.1,-0.2,-0.8,-0.3,0.1,-0.2,-0.1,-0.4,11335753.9
150300,7.5,4.2,4.0,3.3,2.3,3.9,2.4,2.8,3.4,0.6,0.0,0.7,1.5,1.9,0.2,-0.5,0.3,0.3,0.0,-0.2,-0.2,-0.2,-0.1,-0.2,-0.8,-0.3,0.1,-0.2,-0.1,-0.3,11265484.4
151200,7.5,4.2,3.9,3.3,2.3,3.9,2.4,2.7,3.3,0.6,0.0,0.7,1.5,1.9,0.1,-0.5,0.3,0.3,-0.0,-0.2,-0.2,-0.2,-0.1,-0.2,-0.8,-0.3,0.1,-0.2,-0.1,-0.3,11190944.5
152100,7.6,4.2,3.8,3.3,2.3,3.9,2.4,2.7,3.3,0.6,0.0,0.7,1.5,1.9,-0.4,-0.5,0.3,0.3,-0.0,-0.2,-0.2,-0.2,-0.1,-0.2,-0.8,-0.3,0.1,-0.2,-0.1,-0.3,11113598.4
153000,7.6,4.2,3.7,3.3,2.3,3.8,2.4,2.7,3.3,0.6,0.0,0.7,1.5,1.9,-0.4,-0.5,0.3,0.3,0.0,-0.2,-0.2,-0.2,-0.1,-0.2,-0.8,-0.3,0.1,-0.2,-0.1,-0.3,11034617.2
153900,7.5,4.2,3.6,3.3,2.3,3.8,2.4,2.7,3.3,0.6,0.0,0.7,1.5,1.9,-0.3,-0.5,0.3,0.3,0.0,-0.2,-0.2,-0.2,-0.1,-0.2,-0.8,-0.3,0.1,-0.2,-0.1,-0.3,10952675.0
154800,7.5,4.1,3.5,3.2,2.2,3.8,2.4,2.7,3.3,0.6,0.0,0.7,1.5,1.9,-0.3,-0.5,0.3,0.3,-0.0,-0.2,-0.2,-0.2,-0.1,-0.2,-0.8,-0.3,0.1,-0.2,-0.1,-0.3,10871203.1
155700,7.5,4.1,3.5,3.2,2.2,3.8,2.4,2.7,3.3,0.6,0.0,0.7,1.5,1.9,-0.2,-0.5,0.3,0.4,-0.1,-0.1,-0.2,-0.2,-0.1,-0.2,-0.8,-0.3,0.1,-0.2,-0.1,-0.2,10788341.4
156600,7.5,4.1,3.4,3.2,2.2,3.8,2.4,2.6,3.3,0.6,0.0,0.7,1.5,1.8,-0.2,-0.5,0.4,0.4,-0.1,-0.1,-0.2,-0.2,-0.1,-0.2,-0.8,-0.3,0.1,-0.2,-0.1,-0.1,10703692.2
157500,7.5,4.0,3.4,3.2,2.2,3.8,2.3,2.6,3.2,0.6,0.0,0.7,1.5,1.8,-0.2,-0.5,0.3,0.4,-0.1,-0.1,-0.2,-0.2,-0.1,-0.2,-0.8,-0.3,0.1,-0.2,-0.1,-0.1,10618723.4
158400,7.5,4.0,3.4,3.2,2.2,3.8,2.3,2.6,3.2,0.6,0.0,0.7,1.5,1.8,-0.3,-0.5,0.3,0.4,-0.1,-0.1,-0.2,-0.2,-0.1,-0.2,-0.8,-0.3,0.1,-0.2,-0.1,-0.1,10532064.1
159300,7.5,4.0,3.3,3.2,2.2,3.7,2.3,2.6,3.2,0.5,0.0,0.7,1.5,1.8,-0.5,-0.5,0.3,0.4,-0.1,-0.1,-0.2,-0.2,-0.1,-0.2,-0.8,-0.3,0.1,-0.2,-0.1,-0.0,10441604.7
160200,7.5,4.0,3.3,3.1,2.2,3.7,2.3,2.6,3.2,0.5,0.0,0.7,1.5,1.8,-0.5,-0.5,0.3,0.4,-0.1,-0.1,-0.2,-0.2,-0.1,-0.1,-0.8,-0.3,0.1,-0.2,-0.1,-0.0,10350653.1
161100,7.5,4.0,3.2,3.1,2.1,3.7,2.3,2.6,3.2,0.5,0.0,0.7,1.4,1.8,-0.3,-0.5,0.3,0.4,-0.1,-0.1,-0.2,-0.2,-0.1,-0.1,-0.8,-0.3,0.1,-0.2,-0.1,-0.0,10260107.8
162000,7.4,4.0,3.1,3.1,2.1,3.7,2.3,2.5,3.2,0.5,0.0,0.7,1.4,1.8,-0.1,-0.5,0.3,0.4,-0.1,-0.1,-0.2,-0.2,-0.1,-0.1,-0.8,-0.3,0.1,-0.2,-0.1,-0.0,10168378.9
162900,7.5,4.0,3.0,3.1,2.1,3.7,2.3,2.5,3.1,0.5,0.0,0.7,1.4,1.8,-0.1,-0.5,0.3,0.4,-0.1,-0.1,-0.2,-0.2,-0.1,-0.1,-0.8,-0.3,0.1,-0.2,-0.1,-0.0,10076103.1
163800,7.4,4.0,2.9,3.1,2.1,3.7,2.3,2.5,3.1,0.5,0.0,0.7,1.4,1.7,0.3,-0.5,0.3,0.4,-0.1,-0.1,-0.2,-0.2,-0.1,-0.1,-0.8,-0.3,0.1,-0.2,-0.1,-0.0,9983196.9
164700,7.4,4.0,2.9,3.1,2.1,3.6,2.2,2.5,3.1,0.5,0.0,0.7,1.4,1.7,0.3,-0.5,0.3,0.4,-0.1,-0.1,-0.2,-0.2,-0.1,-0.1,-0.8,-0.3,0.1,-0.2,-0.1,-0.0,9888368.8
165600,7.4,4.0,2.9,3.0,2.1,3.6,2.2,2.5,3.1,0.5,0.0,0.7,1.4,1.7,0.4,-0.5,0.3,0.4,-0.1,-0.1,-0.2,-0.2,-0.1,-0.1,-0.8,-0.3,0.1,-0.2,-0.1,-0.0,9791207.8
166500,7.4,4.0,2.7,3.0,2.0,3.6,2.2,2.4,3.1,0.5,0.0,0.7,1.4,1.7,0.4,-0.5,0.3,0.4,-0.1,-0.1,-0.2,-0.2,-0.1,-0.1,-0.8,-0.3,0.1,-0.2,-0.1,-0.0,9693395.3
167400,7.4,4.0,2.7,3.0,2.0,3.6,2.2,2.4,3.1,0.5,0.0,0.7,1.3,1.7,0.4,-0.5,0.3,0.3,-0.1,-0.1,-0.2,-0.2,-0.1,-0.1,-0.8,-0.3,0.1,-0.1,-0.1,-0.0,9594696.9
168300,7.4,4.0,2.6,3.0,2.0,3.6,2.2,2.4,3.0,0.5,0.0,0.7,1.3,1.7,0.4,-0.5,0.3,0.3,-0.1,-0.1,-0.2,-0.2,-0.1,-0.1,-0.7,-0.3,0.1,-0.1,-0.1,-0.0,9493503.1
169200,7.4,3.9,2.8,3.0,2.0,3.6,2.2,2.4,3.0,0.5,0.0,0.6,1.3,1.6,0.4,-0.5,0.3,0.3,-0.1,-0.1,-0.2,-0.2,-0.1,-0.1,-0.7,-0.3,0.1,-0.1,-0.1,-0.0,9392403.1
170100,7.3,3.9,2.9,3.0,2.0,3.5,2.2,2.4,3.0,0.4,0.0,0.6,1.3,1.6,0.4,-0.5,0.3,0.3,-0.1,-0.1,-0.2,-0.2,-0.1,-0.1,-0.7,-0.3,0.1,-0.1,-0.1,-0.0,9291434.4
171000,7.3,3.9,2.9,2.9,2.0,3.5,2.1,2.3,3.0,0.4,0.0,0.6,1.3,1.6,0.4,-0.5,0.4,0.3,-0.1,-0.1,-0.2,-0.2,-0.1,-0.1,-0.7,-0.3,0.1,-0.1,-0.1,-0.0,9187654.7
171900,7.3,3.9,2.9,2.9,1.9,3.5,2.1,2.3,3.0,0.4,0.0,0.6,1.3,1.6,0.4,-0.5,0.4,0.3,-0.1,-0.1,-0.2,-0.2,-0.1,-0.1,-0.7,-0.3,0.1,-0.1,-0.1,-0.0,9082987.5
172800,7.3,3.9,2.8,2.9,1.9,3.5,2.1,2.3,2.9,0.4,0.0,0.6,1.3,1.6,0.4,-0.5,0.4,0.3,-0.0,-0.1,-0.2,-0.2,-0.1,-0.1,-0.7,-0.3,0.1,-0.1,-0.1,-0.0,8977222.7
173700,7.3,3.8,2.8,2.9,1.9,3.5,2.1,2.3,2.9,0.4,0.0,0.6,1.3,1.6,0.4,-0.5,0.4,0.3,-0.1,-0.1,-0.2,-0.2,-0.1,-0.1,-0.7,-0.3,0.2,-0.1,-0.1,-0.0,8868079.7
174600,7.3,3.8,2.8,2.9,1.9,3.4,2.1,2.2,2.9,0.4,0.0,0.6,1.3,1.5,0.4,-0.5,0.3,0.3,-0.1,-0.1,-0.2,-0.2,-0.1,-0.1,-0.7,-0.3,0.2,-0.1,-0.1,0.0,8757348.4
175500,7.3,3.8,2.8,2.8,1.9,3.4,2.0,2.2,2.9,0.4,0.0,0.6,1.3,1.5,0.4,-0.5,0.3,0.3,-0.0,-0.1,-0.2,-0.2,-0.1,-0.1,-0.7,-0.3,0.2,-0.1,-0.1,0.0,8644494.5
176400,7.2,3.8,2.8,2.8,1.8,3.4,2.0,2.2,2.8,0.4,0.0,0.6,1.3,1.5,0.4,-0.5,0.3,0.3,-0.0,-0.1,-0.2,-0.2,-0.1,-0.1,-0.7,-0.3,0.2,-0.1,-0.1,0.0,8528709.4
177300,7.2,3.8,2.8,2.8,1.8,3.4,2.0,2.2,2.8,0.4,0.0,0.6,1.3,1.5,0.4,-0.5,0.0,0.2,-0.0,-0.1,-0.2,-0.2,-0.1,-0.1,-0.7,-0.3,0.2,-0.1,-0.1,0.0,8409253.1
178200,7.2,3.7,2.8,2.8,1.8,3.4,2.0,2.1,2.8,0.4,0.0,0.6,1.2,1.5,0.4,-0.5,0.1,0.2,-0.0,-0.1,-0.2,-0.2,-0.1,-0.1,-0.7,-0.3,0.2,-0.1,-0.1,0.0,8286625.0
179100,7.2,3.7,2.8,2.8,1.8,3.3,2.0,2.1,2.8,0.4,0.0,0.6,1.2,1.5,0.4,-0.5,0.1,0.2,-0.0,-0.1,-0.2,-0.2,-0.1,-0.1,-0.7,-0.3,0.2,-0.1,-0.1,0.0,8161707.8
180000,7.2,3.7,2.8,2.7,1.7,3.3,1.9,2.1,2.7,0.4,0.0,0.6,1.2,1.4,0.4,-0.5,0.1,0.2,-0.0,-0.1,-0.2,-0.2,-0.1,-0.1,-0.7,-0.3,0.2,-0.1,-0.1,0.0,8035385.9
180900,7.1,3.6,2.8,2.7,1.7,3.3,1.9,2.0,2.7,0.4,0.0,0.6,1.2,1.4,0.4,-0.5,0.2,0.2,-0.0,-0.1,-0.2,-0.2,-0.1,-0.1,-0.7,-0.3,0.2,-0.1,-0.1,0.0,7906522.7
181800,7.1,3.6,2.8,2.7,1.7,3.2,1.9,2.0,2.7,0.3,0.0,0.6,1.2,1.4,0.4,-0.5,0.2,0.2,-0.0,-0.1,-0.2,-0.2,-0.1,-0.1,-0.7,-0.3,0.2,-0.1,-0.1,0.0,7775070.3
182700,7.1,3.6,2.8,2.7,1.6,3.2,1.9,2.0,2.6,0.3,0.0,0.6,1.2,1.4,0.4,-0.5,0.1,0.2,0.0,-0.1,-0.2,-0.2,-0.1,-0.1,-0.7,-0.3,0.2,-0.1,-0.1,0.0,7642996.1
183600,7.1,3.6,2.8,2.6,1.6,3.2,1.9,1.9,2.6,0.3,0.0,0.5,1.1,1.3,0.4,-0.5,0.1,0.3,0.0,-0.1,-0.2,-0.2,-0.1,-0.1,-0.7,-0.3,0.2,-0.1,-0.1,0.0,7510204.7
184500,7.0,3.6,2.8,2.6,1.6,3.2,1.8,1.9,2.6,0.3,0.0,0.5,1.1,1.3,0.4,-0.5,0.1,0.3,0.0,-0.1,-0.2,-0.1,-0.1,-0.1,-0.7,-0.3,0.2,-0.1,-0.1,0.0,7377667.2
185400,7.0,3.6,2.8,2.6,1.6,3.1,1.8,1.9,2.5,0.3,0.0,0.5,1.1,1.3,0.4,-0.5,0.0,0.3,0.0,-0.1,-0.2,-0.1,-0.1,-0.1,-0.7,-0.3,0.2,-0.1,-0.1,0.0,7245700.0
186300,7.0,3.6,2.8,2.5,1.5,3.1,1.8,1.9,2.5,0.3,0.0,0.5,1.1,1.3,0.4,-0.5,0.0,0.3,0.0,-0.1,-0.2,-0.2,-0.1,-0.1,-0.7,-0.3,0.2,-0.1,-0.1,0.0,7114251.6
187200,7.0,3.5,2.8,2.5,1.5,3.1,1.8,1.8,2.5,0.3,0.0,0.5,1.1,1.2,0.4,-0.5,0.0,0.3,0.0,-0.1,-0.2,-0.2,-0.1,-0.1,-0.6,-0.3,0.2,-0.1,-0.0,0.0,6985542.2
188100,6.9,3.5,2.8,2.5,1.5,3.1,1.7,1.8,2.5,0.3,0.0,0.5,1.1,1.2,0.4,-0.5,0.0,0.3,0.0,-0.1,-0.2,-0.1,-0.1,-0.1,-0.6,-0.3,0.2,-0.1,-0.0,0.0,6859396.9
189000,6.9,3.5,2.8,2.5,1.5,3.0,1.7,1.8,2.4,0.3,0.0,0.5,1.0,1.2,0.4,-0.5,0.0,0.3,0.0,-0.1,-0.2,-0.1,-0.1,-0.1,-0.6,-0.3,0.2,-0.1,-0.0,0.0,6735039.8
189900,6.9,3.4,2.8,2.4,1.4,3.0,1.7,1.8,2.4,0.2,0.0,0.5,1.0,1.1,0.4,-0.5,0.0,0.3,0.0,-0.1,-0.2,-0.1,-0.1,-0.1,-0.7,-0.3,0.2,-0.1,-0.0,0.0,6611118.8
190800,6.9,3.4,2.8,2.4,1.4,3.0,1.7,1.7,2.4,0.2,0.0,0.5,1.0,1.1,0.4,-0.5,0.0,0.3,0.0,-0.1,-0.2,-0.1,-0.1,-0.1,-0.7,-0.3,0.2,-0.1,-0.0,0.0,6489575.4
191700,6.8,3.3,2.8,2.4,1.4,3.0,1.6,1.7,2.4,0.2,0.0,0.5,1.0,1.1,0.4,-0.5,0.0,0.3,0.0,-0.1,-0.2,-0.1,-0.1,-0.1,-0.6,-0.3,0.2,-0.1,-0.0,0.0,6370428.1
192600,6.8,3.3,2.8,2.4,1.4,2.9,1.6,1.7,2.3,0.2,0.0,0.5,0.9,1.0,0.4,-0.5,-0.0,0.3,0.0,-0.1,-0.2,-0.1,-0.1,-0.1,-0.6,-0.3,0.2,-0.1,-0.0,0.0,6254115.6
193500,6.6,3.3,2.8,2.3,1.3,2.9,1.6,1.7,2.3,0.2,0.0,0.5,0.9,1.0,0.4,-0.6,-0.0,0.2,0.0,-0.1,-0.2,-0.1,-0.1,-0.1,-0.6,-0.2,0.2,-0.1,-0.0,0.0,6141284.4
194400,6.6,3.3,2.8,2.3,1.3,2.9,1.6,1.6,2.3,0.2,0.0,0.5,0.9,1.0,0.4,-0.6,-0.1,0.2,-0.0,-0.1,-0.2,-0.1,-0.1,-0.1,-0.6,-0.2,0.2,-0.1,-0.0,0.0,6032302.0
195300,6.6,3.3,2.8,2.3,1.3,2.9,1.6,1.6,2.3,0.2,0.0,0.5,0.9,1.0,0.4,-0.6,-0.1,0.2,0.0,-0.1,-0.2,-0.1,-0.1,-0.1,-0.6,-0.2,0.2,-0.1,-0.0,0.0,5926631.6
196200,6.6,3.3,2.7,2.3,1.3,2.8,1.5,1.6,2.2,0.2,0.0,0.4,0.9,0.9,0.4,-0.5,-0.2,0.2,0.0,-0.1,-0.2,-0.1,-0.1,-0.1,-0.6,-0.2,0.2,-0.1,-0.0,0.0,5823872.7
197100,6.6,3.3,2.7,2.2,1.3,2.8,1.5,1.6,2.2,0.2,0.0,0.4,0.9,0.9,0.4,-0.5,-0.1,0.2,0.0,-0.1,-0.2,-0.1,-0.1,-0.1,-0.6,-0.2,0.2,-0.1,-0.0,0.0,5724381.2
198000,6.5,3.3,2.7,2.2,1.2,2.8,1.5,1.6,2.2,0.2,0.0,0.4,0.9,0.9,0.4,-0.6,-0.1,0.2,0.0,-0.1,-0.1,-0.1,-0.1,-0.1,-0.6,-0.2,0.2,-0.1,-0.0,0.0,5626118.8
198900,6.5,3.3,2.7,2.2,1.2,2.8,1.5,1.5,2.2,0.2,0.0,0.4,0.9,0.9,0.4,-0.6,-0.1,0.2,0.0,-0.1,-0.1,-0.1,-0.1,-0.1,-0.6,-0.2,0.2,-0.1,-0.0,0.0,5532763.7
199800,6.5,3.3,2.7,2.2,1.2,2.8,1.5,1.5,2.2,0.2,0.0,0.4,0.8,0.9,0.4,-0.5,-0.1,0.2,0.0,-0.1,-0.1,-0.1,-0.1,-0.1,-0.6,-0.2,0.2,-0.0,-0.0,0.0,5442603.1
200700,6.5,3.3,2.7,2.2,1.2,2.7,1.5,1.5,2.1,0.2,0.0,0.4,0.8,0.9,0.4,-0.5,-0.1,0.2,0.0,-0.1,-0.1,-0.1,-0.1,-0.1,-0.6,-0.2,0.2,-0.0,-0.0,0.0,5354572.7
201600,6.5,3.3,2.7,2.2,1.2,2.7,1.4,1.5,2.1,0.2,0.0,0.4,0.8,0.8,0.4,-0.5,-0.1,0.2,0.0,-0.1,-0.1,-0.1,-0.1,-0.1,-0.6,-0.2,0.2,-0.0,-0.0,0.0,5269257.8
202500,6.5,3.3,2.7,2.1,1.1,2.7,1.4,1.5,2.1,0.2,0.0,0.4,0.8,0.8,0.4,-0.5,-0.1,0.2,0.1,-0.1,-0.1,-0.1,-0.1,-0.1,-0.6,-0.2,0.2,-0.0,-0.0,0.0,5186745.3
203400,6.4,3.3,2.7,2.1,1.1,2.7,1.4,1.5,2.1,0.2,0.0,0.4,0.8,0.8,0.4,-0.5,-0.1,0.2,0.0,-0.1,-0.1,-0.1,-0.1,-0.1,-0.6,-0.3,0.2,-0.0,-0.0,0.0,5107140.6
204300,6.4,3.3,2.7,2.1,1.1,2.7,1.4,1.5,2.1,0.2,0.0,0.4,0.8,0.8,0.4,-0.5,-0.1,0.2,0.1,-0.1,-0.1,-0.1,-0.1,-0.1,-0.6,-0.3,0.2,-0.0,-0.0,0.0,5029460.2
205200,6.4,3.2,2.7,2.1,1.1,2.7,1.4,1.4,2.1,0.2,0.0,0.4,0.8,0.8,0.4,-0.5,-0.1,0.2,0.1,-0.1,-0.1,-0.1,-0.1,-0.1,-0.6,-0.3,0.3,-0.0,-0.0,0.0,4954230.5
206100,6.4,3.2,2.7,2.1,1.1,2.6,1.4,1.4,2.1,0.2,0.0,0.4,0.8,0.8,0.4,-0.5,-0.1,0.2,0.1,-0.1,-0.1,-0.1,-0.1,-0.1,-0.6,-0.3,0.3,-0.0,-0.0,0.0,4882196.9
207000,6.3,3.2,2.7,2.1,1.1,2.6,1.3,1.4,2.0,0.2,0.0,0.4,0.8,0.8,0.4,-0.5,-0.1,0.2,0.1,-0.1,-0.1,-0.1,-0.1,-0.1,-0.6,-0.3,0.3,-0.0,-0.0,0.0,4811691.4
207900,6.3,3.2,2.7,2.1,1.1,2.6,1.3,1.4,2.0,0.2,0.0,0.3,0.8,0.8,0.4,-0.5,-0.1,0.2,0.1,-0.1,-0.1,-0.1,-0.1,-0.1,-0.6,-0.3,0.3,-0.0,-0.0,0.0,4742911.7
208800,6.3,3.2,2.7,2.1,1.1,2.6,1.3,1.4,2.0,0.2,0.0,0.3,0.8,0.8,0.4,-0.5,-0.1,0.2,0.1,-0.1,-0.1,-0.1,-0.1,-0.1,-0.6,-0.3,0.3,-0.0,-0.0,0.0,4675863.3
209700,6.3,3.2,2.7,2.0,1.0,2.6,1.3,1.4,2.0,0.2,0.0,0.3,0.8,0.7,0.4,-0.5,-0.1,0.2,0.1,-0.1,-0.1,-0.1,-0.1,-0.1,-0.5,-0.3,0.3,-0.0,-0.0,0.0,4610224.2
210600,6.3,3.2,2.7,2.0,1.0,2.6,1.3,1.4,2.0,0.2,0.0,0.3,0.8,0.7,0.4,-0.5,-0.1,0.2,0.1,-0.1,-0.1,-0.1,-0.1,-0.1,-0.5,-0.3,0.3,-0.0,-0.0,0.0,4546780.1
211500,6.3,3.2,2.7,2.0,1.0,2.6,1.3,1.4,2.0,0.2,0.0,0.3,0.8,0.7,0.4,-0.5,-0.1,0.2,0.1,-0.1,-0.1,-0.1,-0.1,-0.1,-0.5,-0.3,0.3,-0.0,-0.0,0.0,4484677.0
212400,6.2,3.2,2.6,2.0,1.0,2.6,1.3,1.4,2.0,0.2,0.0,0.3,0.7,0.7,0.3,-0.5,-0.1,0.3,0.1,-0.1,-0.1,-0.1,-0.1,-0.1,-0.5,-0.3,0.3,-0.0,-0.0,0.0,4424474.2
213300,6.2,3.2,2.6,2.0,1.0,2.6,1.3,1.4,2.0,0.2,0.0,0.3,0.7,0.7,0.3,-0.5,-0.1,0.3,0.1,-0.1,-0.1,-0.1,-0.1,-0.1,-0.5,-0.3,0.3,0.0,-0.0,0.0,4366518.0
214200,6.2,3.2,2.7,2.0,1.0,2.5,1.2,1.4,2.0,0.2,0.0,0.3,0.7,0.7,0.3,-0.5,-0.1,0.3,0.0,-0.1,-0.1,-0.1,-0.1,-0.1,-0.5,-0.4,0.3,0.0,-0.0,0.0,4309871.9
215100,6.2,3.1,2.7,1.9,1.0,2.5,1.2,1.3,1.9,0.2,0.0,0.3,0.7,0.7,0.3,-0.5,-0.0,0.2,-0.0,-0.1,-0.1,-0.1,-0.1,-0.1,-0.5,-0.4,0.3,0.0,-0.0,0.0,4253580.9
216000,6.2,3.1,2.7,1.9,1.0,2.5,1.2,1.3,1.9,0.2,0.0,0.3,0.7,0.7,0.3,-0.5,-0.0,0.2,0.0,-0.1,-0.1,-0.1,-0.1,-0.1,-0.5,-0.4,0.3,0.0,-0.0,0.0,4198762.5
216900,6.2,3.1,2.7,1.9,1.0,2.5,1.2,1.3,1.9,0.2,0.0,0.3,0.7,0.6,0.3,-0.5,-0.0,0.3,0.0,-0.1,-0.1,-0.1,-0.1,-0.1,-0.5,-0.4,0.3,0.0,-0.0,0.0,4145499.2
217800,6.2,3.1,2.6,1.9,1.0,2.5,1.2,1.3,1.9,0.2,0.0,0.3,0.7,0.6,0.3,-0.5,-0.0,0.3,0.0,-0.1,-0.1,-0.1,-0.1,-0.1,-0.5,-0.4,0.3,0.0,-0.0,0.0,4094227.0
218700,6.2,3.1,2.6,1.9,1.0,2.5,1.2,1.3,1.9,0.2,0.0,0.3,0.7,0.6,0.3,-0.5,-0.0,0.3,0.0,-0.1,-0.1,-0.1,-0.1,-0.1,-0.5,-0.5,0.3,0.0,-0.0,0.0,4044291.4
219600,6.1,3.1,2.6,1.9,0.9,2.5,1.2,1.3,1.9,0.2,0.0,0.3,0.6,0.6,0.3,-0.5,-0.0,0.3,0.0,-0.1,-0.1,-0.1,-0.1,-0.1,-0.5,-0.5,0.3,0.0,-0.0,0.0,3995582.8
220500,6.1,3.1,2.6,1.9,0.9,2.5,1.2,1.3,1.9,0.2,0.0,0.3,0.6,0.6,0.3,-0.5,-0.0,0.3,0.0,-0.1,-0.1,-0.1,-0.1,-0.1,-0.5,-0.5,0.3,0.0,-0.0,0.0,3948658.6
221400,6.1,3.1,2.6,1.9,0.9,2.5,1.2,1.3,1.9,0.2,0.0,0.3,0.6,0.6,0.3,-0.5,-0.0,0.3,0.1,-0.1,-0.1,-0.1,-0.1,-0.1,-0.5,-0.5,0.3,0.0,-0.0,0.0,3901951.6
222300,6.1,3.1,2.5,1.9,0.9,2.5,1.1,1.3,1.9,0.2,0.0,0.2,0.6,0.6,0.3,-0.5,-0.0,0.3,0.1,-0.1,-0.1,-0.1,-0.1,-0.1,-0.5,-0.5,0.3,-0.0,-0.0,0.0,3855673.4
223200,6.1,3.1,2.5,1.9,0.9,2.5,1.1,1.3,1.9,0.2,0.0,0.2,0.6,0.6,0.3,-0.5,-0.0,0.3,0.1,-0.1,-0.1,-0.1,-0.1,-0.1,-0.5,-0.4,0.3,-0.0,-0.0,0.0,3810658.6
224100,6.1,3.1,2.5,1.8,0.9,2.5,1.1,1.3,1.9,0.2,0.0,0.2,0.6,0.6,0.3,-0.5,-0.0,0.3,0.1,-0.1,-0.1,-0.1,-0.1,-0.1,-0.4,-0.4,0.3,-0.0,-0.0,0.0,3766634.4
225000,6.1,3.1,2.5,1.8,0.9,2.4,1.1,1.3,1.9,0.1,0.0,0.2,0.6,0.6,0.3,-0.5,0.0,0.3,0.1,-0.1,-0.1,-0.1,-0.1,-0.1,-0.4,-0.4,0.3,-0.0,-0.0,0.0,3723826.6
225900,6.1,3.1,2.5,1.8,0.9,2.4,1.1,1.3,1.9,0.1,0.0,0.2,0.6,0.6,0.3,-0.5,0.0,0.3,0.1,-0.1,-0.1,-0.1,-0.1,-0.1,-0.4,-0.4,0.3,-0.0,-0.0,0.0,3681101.6
226800,6.1,3.1,2.4,1.8,0.9,2.4,1.1,1.3,1.8,0.1,0.0,0.2,0.6,0.6,0.3,-0.5,0.0,0.3,0.1,-0.1,-0.1,-0.1,-0.1,-0.1,-0.4,-0.4,0.3,-0.0,-0.0,0.0,3639378.5
227700,6.1,3.1,2.4,1.8,0.9,2.4,1.1,1.3,1.8,0.1,0.0,0.2,0.6,0.5,0.3,-0.5,0.0,0.3,0.1,-0.1,-0.1,-0.1,-0.1,-0.1,-0.4,-0.4,0.3,-0.0,-0.0,0.0,3598923.4
228600,6.0,3.1,2.2,1.8,0.9,2.4,1.1,1.3,1.8,0.1,0.0,0.2,0.6,0.5,0.3,-0.5,0.0,0.1,0.1,-0.1,-0.1,-0.1,-0.1,-0.1,-0.4,-0.4,0.3,-0.0,-0.0,0.0,3558483.2
229500,6.0,3.1,2.3,1.8,0.9,2.4,1.1,1.3,1.8,0.1,0.0,0.2,0.5,0.5,0.3,-0.5,0.0,-0.1,0.1,-0.1,-0.1,-0.1,-0.1,-0.1,-0.4,-0.4,0.3,-0.0,-0.0,0.0,3520608.6
230400,6.0,3.1,2.4,1.8,0.9,2.4,1.1,1.3,1.8,0.1,0.0,0.2,0.5,0.5,0.3,-0.5,0.0,-0.1,0.0,-0.1,-0.1,-0.1,-0.1,-0.1,-0.4,-0.4,0.3,-0.0,-0.0,0.0,3481800.8
231300,6.0,3.1,2.7,1.8,0.9,2.4,1.1,1.3,1.8,0.1,0.0,0.2,0.5,0.5,0.2,-0.5,0.0,0.3,0.0,-0.1,-0.1,-0.1,-0.1,-0.1,-0.4,-0.4,0.3,-0.0,-0.0,0.0,3445419.5
232200,6.0,3.1,2.7,1.8,0.9,2.4,1.1,1.2,1.8,0.1,0.0,0.2,0.5,0.5,0.3,-0.5,0.0,0.3,0.0,-0.1,-0.1,-0.1,-0.1,-0.1,-0.4,-0.4,0.3,0.0,-0.0,0.0,3408106.6
233100,6.0,3.1,2.7,1.8,0.9,2.4,1.1,1.2,1.8,0.1,0.0,0.2,0.5,0.5,0.2,-0.5,0.0,0.1,0.0,-0.1,-0.1,-0.1,-0.1,-0.1,-0.4,-0.4,0.3,0.0,-0.0,0.0,3371445.7
234000,6.0,3.1,2.6,1.7,0.9,2.4,1.0,1.2,1.8,0.1,0.0,0.2,0.5,0.5,0.2,-0.5,0.0,0.0,0.0,-0.1,-0.1,-0.1,-0.1,-0.1,-0.4,-0.4,0.3,0.0,-0.0,0.0,3336445.3
234900,6.0,3.1,2.6,1.7,0.9,2.4,1.0,1.2,1.8,0.1,0.0,0.2,0.5,0.5,0.2,-0.5,0.0,0.1,0.0,-0.1,-0.1,-0.1,-0.1,-0.1,-0.4,-0.4,0.3,0.0,-0.0,0.0,3303047.3
235800,6.0,3.0,2.7,1.7,0.8,2.4,1.0,1.2,1.8,0.1,0.0,0.2,0.5,0.5,0.2,-0.5,0.0,0.1,0.0,-0.1,-0.1,-0.1,-0.1,-0.1,-0.4,-0.4,0.3,0.0,-0.0,0.0,3270819.9
236700,6.0,3.0,2.6,1.7,0.8,2.4,1.0,1.2,1.8,0.1,0.0,0.2,0.5,0.5,0.3,-0.5,0.0,0.1,0.0,-0.1,-0.1,-0.1,-0.1,-0.1,-0.4,-0.4,0.3,0.0,-0.0,0.0,3239154.7
237600,6.0,3.0,2.6,1.7,0.8,2.4,1.0,1.2,1.8,0.1,0.0,0.2,0.5,0.5,0.2,-0.5,0.0,0.1,0.0,-0.1,-0.1,-0.1,-0.1,-0.1,-0.4,-0.4,0.3,0.0,-0.0,0.0,3207952.3
238500,6.0,3.0,2.6,1.7,0.8,2.4,1.0,1.2,1.8,0.1,0.0,0.2,0.4,0.5,0.2,-0.5,0.0,0.1,0.0,-0.1,-0.1,-0.1,-0.1,-0.1,-0.4,-0.4,0.3,0.0,-0.0,0.0,3177884.4
239400,6.0,3.0,2.6,1.7,0.8,2.4,1.0,1.2,1.8,0.1,0.0,0.2,0.4,0.5,0.2,-0.5,0.0,0.0,0.0,-0.1,-0.1,-0.1,-0.1,-0.1,-0.4,-0.4,0.3,0.0,-0.0,0.0,3148487.7
240300,6.0,3.0,2.5,1.7,0.8,2.3,1.0,1.2,1.8,0.1,0.0,0.2,0.4,0.5,0.2,-0.5,0.0,-0.1,0.0,-0.1,-0.1,-0.1,-0.1,-0.1,-0.4,-0.4,0.3,0.0,-0.0,0.0,3119880.7
241200,5.9,3.0,2.6,1.7,0.8,2.3,1.0,1.2,1.8,0.1,0.0,0.2,0.4,0.5,0.2,-0.5,0.0,-0.0,0.0,-0.1,-0.1,-0.1,-0.1,-0.1,-0.4,-0.4,0.3,0.0,-0.0,0.0,3091428.9
242100,5.9,3.0,2.6,1.7,0.8,2.3,1.0,1.2,1.8,0.1,0.0,0.2,0.4,0.5,0.2,-0.5,0.0,0.1,0.0,-0.1,-0.1,-0.1,-0.1,-0.1,-0.3,-0.4,0.3,0.0,-0.0,0.0,3063619.5
243000,5.9,3.0,2.5,1.7,0.8,2.3,1.0,1.2,1.8,0.1,0.0,0.2,0.4,0.4,0.2,-0.5,0.0,-0.1,0.0,-0.1,-0.1,-0.1,-0.1,-0.1,-0.3,-0.4,0.3,0.0,-0.0,0.0,3036088.1
243900,5.9,3.0,2.5,1.7,0.8,2.3,1.0,1.2,1.8,0.1,0.0,0.1,0.4,0.4,0.2,-0.5,0.0,-0.1,0.0,-0.1,-0.1,-0.1,-0.1,-0.1,-0.3,-0.4,0.3,0.0,-0.0,0.0,3008963.1
244800,5.9,3.0,2.5,1.7,0.8,2.3,1.0,1.2,1.8,0.1,0.0,0.1,0.4,0.4,0.3,-0.5,0.0,-0.1,0.0,-0.1,-0.1,-0.1,-0.1,-0.1,-0.3,-0.4,0.3,0.0,-0.0,0.0,2982449.2
