Sheepmount_x,Sheepmount_y,Bothcherby_x,Bothcherby_y,Denton_Holme_x,Denton_Holme_y,Building_1_x,Building_1_y,water_mark3_x,water_mark3_y,water_mark4_x,water_mark4_y,water_mark5_x,water_mark5_y,water_mark6_x,water_mark6_y,water_mark7_x,water_mark7_y,bus_dep_x,bus_dep_y,substation_x,substation_y,pallett_yard_x,pallett_yard_y,brown_bros_x,brown_bros_y,water_mark1_x,water_mark1_y,water_mark2_x,water_mark2_y
0.25,0,0.25,0,0.25,0,0.749005351228089,0.004418491262972,0.693741756605654,0,0.759511772070624,0,0.841766911887454,0,0.621648085730985,0,0.587115756798362,0,0.653412548156577,0,0.637572555476371,0,0.687592840362139,0,0.873044097995548,0,0.630783810877673,0,0.60945876269837,0
0.5,0,0.5,0,0.5,0,4.66500277144783,0.002463896408292,4.6129272441698,0,3.86350309784691,0.206185753019525,4.6068068688049,0,4.54183445822574,0,4.51493239877303,0,4.57169371708209,0,4.55904701054235,0,4.61033596580091,0,4.56901049952275,0,4.55703029567031,0,4.53439920541602,0
0.75,0,0.75,0,0.75,0.776,8.43004826123198,0.001565736236044,8.26276247364748,0.018269741520554,6.89526870252894,0.4777170340963,8.37184682572234,0,8.31117703240646,0,8.29157268540646,0,8.33927176412586,0,8.32969552502887,0,8.38221269818033,0,8.34040852688514,0,8.33226942501804,0,8.30857785535358,0
1,0,1,0,1,1.0441,9.33370036829126,0.001230117997582,11.0616962735209,0.289810070478072,10.0011495994682,0.718892088302415,12.2120518774945,0,12.2313634049012,0,12.0682677957408,0,9.24187196546776,0,12.1756999975426,0,12.153872524664,0,12.1118981864461,0,12.1829127942833,0,12.0827056752868,0
1.25,0,1.25,1.2262,1.25,1.0685,12.195265373979,0.000167326909118,13.8181712085964,0.578039451587409,12.8831068087048,1.01622675627457,15.1712797984585,0.067630933413622,14.2797358102629,0.164948829936478,14.8049778581369,0.112528946628556,12.1070296478306,0,15.8709355417394,0,15.9255323511476,0,15.8832962138085,0,15.8825819540386,0,15.4013022580332,0.015124549855728
1.5,0,1.5,1.3554,1.5,1.0822,15.3690777022526,0.113155887171937,14.8305637244596,0.959727398404054,14.7120585300713,1.39801395799872,16.4138160557786,0.392774453350384,15.7313290407711,0.426201787916954,15.5974170275014,0.445468810437982,15.8746076948744,0,19.6415840562259,0,19.8482754765863,0,18.1573528475978,0.157089829250185,19.6577658401613,0,15.8221674322814,0.247870330906249
1.75,0,1.75,1.3754,1.75,1.0929,16.820271154564,0.370142928745666,16.1437084469281,1.34802897384168,16.0907394018933,1.83850102193083,18.0269653510438,0.747232105110056,17.4841074311702,0.697950444506318,16.7528800215404,0.815473899005094,19.0449267817545,0.025828987410446,23.5632295480795,0,22.3236139019246,0.061810063111225,19.5306120267261,0.383786191536748,22.974917958784,0.034268202858697,16.7011198667903,0.442715969823336
2,0,2,1.3784,2,1.1079,18.7620748015067,0.611455902909887,18.2929718439545,1.67388158002003,18.2968954767284,2.21514920383559,20.1692233282925,1.02356281743705,20.6450952664177,0.850292154934588,18.6129841546704,1.09910554462375,19.7410734258617,0.318713328448491,24.8175634630035,0.079565604239878,23.1311814334665,0.20347043850272,21.6567356029271,0.589755011135857,24.3007348565965,0.268307547429228,18.9438921469104,0.599785653182596
2.25,0,2.25,1.3798,2.25,1.1197,21.7182994058152,0.773418399873196,21.5861321900777,1.88129658027318,21.5531588641747,2.44322272438424,23.2057197605069,1.22352458713131,23.8818207768896,0.992487043401734,21.6425966922994,1.28595431157392,21.8466235319259,0.527991566882062,25.8527976692688,0.161168105534576,23.9978500281856,0.327700609893447,23.78293180613,0.796782974511259,25.7078242979705,0.461719397753601,21.8807328868667,0.649561285064304
2.5,0.7347,2.5,1.3824,2.5,1.1293,24.2867095078935,0.968437132146974,24.4994369248574,2.11533034075414,24.8099659310503,2.6833251523039,25.4980195558625,1.49530407935179,26.1357834995488,1.21372970369345,24.5980656567776,1.50393876035066,23.6391154772354,0.746014393230187,27.0962667889918,0.246288891619361,24.8615361668375,0.455180893665066,25.005356241383,1.02380598861668,27.0377980336269,0.666487675839741,23.2129580725496,0.841513612362792
2.75,2.4276,2.75,1.386,2.75,1.1434,26.16212324828,1.20817972795042,26.7322499750428,2.42938711623433,27.2412166954356,3.02972213631864,27.3418317722091,1.79410229443491,27.8614208598488,1.45281011320131,26.7318808505322,1.77421350684667,24.7590108173725,0.993715248961213,28.7272704287115,0.325525294276657,25.7394692687025,0.576269629635298,26.153089405027,1.26158129175947,28.2169163327071,0.870196319816999,23.9410152855171,1.03590076464101
3,2.8283,3,1.3897,3,1.1606,27.5084767880107,1.4537431248878,28.9476679078061,2.77632912478643,29.6730947822392,3.38999862883838,29.1105389972956,2.09449000876562,30.039561661776,1.68663709880688,28.5514301433902,2.08026126644285,25.8677038321708,1.24887949263737,30.6603440395154,0.403591045142899,27.0386558669586,0.698320970488376,27.4514370558914,1.49581786686464,29.7752697036153,1.06179133300473,24.9698844639845,1.2383195094223
3.25,3.0182,3.25,1.3944,3.25,1.1775,29.3824851270236,1.69758220543566,31.7043004524338,3.06315420478544,32.6302280289131,3.68044605704835,31.4781096447023,2.3660334257935,32.5199063291398,1.90148523590084,30.9051432016139,2.35431199534109,27.2081938142853,1.48883305162055,33.6584668943881,0.455551261068652,28.9882928207155,0.808222460451125,29.358238625517,1.70334075723831,31.7114047891749,1.25150677218969,25.7740672329051,1.42800649027097
3.5,3.1312,3.5,1.3999,3.5,1.2045,31.6417202753713,1.9159076962608,34.1673561727023,3.34048563192992,35.2872958541182,4.01257430751217,34.1432345512592,2.60783468576965,34.3212109994233,2.13245472441725,33.6351442136075,2.59759353885355,29.3907714590612,1.69366882498221,35.0620470351166,0.538121930880823,32.3234845926406,0.872984164992203,32.1532955774738,1.86458797327394,33.6483028450525,1.43584962871773,27.3331454570684,1.61693678178884
3.75,3.2053,3.75,1.4075,3.75,1.2528,33.6713296201913,2.14513914835842,36.4616535387349,3.6561908374216,38.2426345784804,4.26331792957447,36.061921396656,2.90316364597323,36.0465281496819,2.38079987778984,35.5429267707578,2.88050233870149,32.8161203403043,1.80018989398394,36.3148012352657,0.62068841979374,34.802103980357,0.946373744735639,34.9545621380846,2.01639198218263,34.9790108552408,1.63544739030882,30.2877766985328,1.53735570048274
4,3.2577,4,1.4184,4,1.3135,35.2395382570763,2.38249491369705,40.0897258880984,3.56585567827743,41.4787590153221,4.04581716799555,39.0201767702543,3.07912460528934,39.2872824075622,2.40642967457431,38.1892668151173,3.09547429364122,34.9225291664246,2.00720423408788,39.0999804388961,0.635149732222577,38.36788773227,1.02701849646807,37.0048234171174,2.21603563474387,36.5373912339479,1.82685222357949,32.1241630942035,1.35639907785414
4.25,3.2984,4.25,1.4321,4.25,1.3999,38.1470410091535,2.48695418349658,42.6845929654652,3.27927422946521,44.3335360550528,3.74179058565054,41.7788111426926,2.85507065099932,41.5564110566196,2.18887153107693,41.2768554164901,2.8886309803102,38.1254380817303,2.10426752960202,40.7874749956995,0.555081748703708,40.4245297870696,0.923159434688961,40.2440369074133,2.15456570155902,39.5604551851243,1.80611023404554,34.4759758995669,1.26944019085595
4.5,3.3333,4.5,1.4475,4.5,1.5162,40.7036854036676,2.27732728600937,45.4313624702194,2.98240004736868,46.8089270835232,3.39463384448475,44.0051605410055,2.58869490335136,43.750622701221,1.95771546864235,43.6065063523714,2.6230886156793,40.6077235129162,1.91622486730986,42.0987269445741,0.472684586210569,42.667852179169,0.835082408809909,42.3418247534203,1.94730512249443,41.4740151268015,1.62312564473579,37.0578707194344,1.15598102463356
4.75,3.3671,4.75,1.462,4.75,1.665,42.8146135221294,2.05005932773488,47.8034442978952,2.66609833119803,48.8293467195765,3.0021774544682,46.3052903478721,2.30992106157215,45.8625729452512,1.72716874991571,45.8606650520588,2.35843816413306,42.7270805786253,1.69184266543413,43.4103882731674,0.389132972910984,44.7499766444995,0.730856020604066,44.1374279350939,1.73318485523385,43.313583827493,1.42949604403301,38.8193540207556,0.970835919285458
5,3.4043,5,1.4769,5,1.8218,45.0745885561392,1.82728770039488,49.8098221929696,2.31137654924326,50.9984185346047,2.55833638814332,48.2259504101402,2.00690524351652,47.8965178254857,1.48425148768652,47.8863756742513,2.05225550396776,44.7716795443747,1.46591986282954,44.872405191174,0.306911930798909,46.6612312657421,0.613546916215461,45.9330311167674,1.51906458797327,45.0026274548623,1.23248050130732,40.0527514174219,0.783741672786445
5.25,3.4478,5.25,1.4927,5.25,1.9703,47.1219494360832,1.58578806683621,51.4989033451225,1.92368777505898,52.639633385874,2.12675947509632,49.9937579062531,1.68550494149254,49.6238253068437,1.22492154449548,49.4596856849311,1.76382098903729,46.5918283699542,1.2358388369866,45.9464718747696,0.216710549725997,48.4274792901257,0.497319282376529,47.3632631244034,1.27661469933185,46.3134919671112,1.04014289422113,41.2874969387581,0.586845062021423
5.5,3.4954,5.5,1.5099,5.5,2.094,48.9303596648513,1.34247091785026,53.8743402781651,1.62915198909834,54.2090546714929,1.77690699009409,51.0848454767342,1.37208609767805,51.2482263085747,0.965512634337428,51.0006063099599,1.42657662477688,48.2657799811016,0.993926557037838,46.910882756248,0.130271863956946,49.9690294915353,0.37186369309396,48.5255900731785,1.04721603563474,47.9265158748868,0.846766210301539,42.4390563341537,0.385007122205425
5.75,3.5428,5.75,1.5306,5.75,2.183,50.4490112177525,1.08581751343511,56.9147944453932,1.40186325383347,57.0643335691583,1.48398401455309,52.3996239674164,1.04064647891557,52.9152821960676,0.718353742535462,52.6246488028967,1.11435152635775,49.8659845739607,0.747808097407804,47.5796419804662,0.044948629439407,51.5254224521604,0.252653093366307,49.6473348181143,0.808215788171244,49.4648125791575,0.647926917728781,43.6058364919507,0.194456706506765
6,3.5862,6,1.5534,6,2.2384,52.1198866179362,0.824400272268981,60.5475950813234,1.26939906137934,60.6044736577271,1.31220127518522,53.9566066018343,0.666697924125991,55.4097905189053,0.523400114583662,54.4788720307103,0.834119040923156,51.6111554992172,0.516765944521311,50.411843314575,0,53.5145248774881,0.140189008556473,50.6337995545657,0.571937639198218,51.1541166388731,0.449077497231445,45.2277751335696,0
6.25,3.6225,6.25,1.5786,6.25,2.275,54.3041797391728,0.602757161255807,64.1775753357927,1.16206446774167,64.2213485848939,1.16801977173428,55.4172951998462,0.472548390438226,58.6539847695483,0.449499454100179,57.1129007277275,0.619026730827464,54.7533155904517,0.37672495679598,53.8799277517018,0,56.1986589431434,0.035465884220467,52.0381088132358,0.351447661469932,53.4426439597963,0.284030945730675,48.6163250978015,0
6.5,3.6511,6.5,1.6069,6.5,2.2864,57.5172476419953,0.455009495100696,67.5015276112771,1.09512337738678,67.5382221806744,1.0669370836139,58.5592715560438,0.304333883977006,62.4249062240656,0.404001096561012,60.5815414624817,0.488250959902154,58.5397764868959,0.325743988212637,57.4992942275084,0,59.2254885945544,0,54.667387846007,0.195100222717148,55.1297996718743,0.10030947318124,52.3906449421955,0
6.75,3.6725,6.75,1.6374,6.75,2.2892,61.1630914494711,0.36262167599555,,,,,62.1614211378928,0.204455531255256,66.1950816142481,0.380088867111229,63.446765132843,0.376289997843089,62.3176052236142,0.297520531634001,61.2699427419949,0,62.9977991387254,0,58.4343875278397,0.130512249443207,57.7115641690538,0,56.0136043293141,0
7,3.6879,7,1.6705,7,2.2905,64.659527933177,0.26678804918074,,,,,65.9183188377949,0.138429365987551,,,67.9006288912594,0.319671505993871,66.0171690454841,0.277001713578416,65.0405912564815,0,66.9198915464768,0,62.2034336621063,0.09576837416481,61.4868032984015,0,59.787833809256,0
7.25,3.6995,7.25,1.7046,7.25,2.286,67.765884491543,0.210613946518142,,,,,,,,,,,,,,,,,65.9725714285714,0.062360801781737,65.2619319412993,0,63.1078463706939,0
7.5,3.7085,7.5,1.7372,7.5,2.2833,,,,,,,,,,,,,,,,,,,,,,,67.6379790107137,0
7.75,3.7158,7.75,1.7647,7.75,2.2876,,,,,,,,,,,,,,,,,,,,,,,,
8,3.7229,8,1.7888,8,2.2853,,,,,,,,,,,,,,,,,,,,,,,,
8.25,3.7302,8.25,1.8098,8.25,2.2831,,,,,,,,,,,,,,,,,,,,,,,,
8.5,3.7388,8.5,1.8292,8.5,2.2825,,,,,,,,,,,,,,,,,,,,,,,,
8.75,3.7522,8.75,1.8483,8.75,2.2823,,,,,,,,,,,,,,,,,,,,,,,,
9,3.7735,9,1.8656,9,2.278,,,,,,,,,,,,,,,,,,,,,,,,
9.25,3.8024,9.25,1.8839,9.25,2.2668,,,,,,,,,,,,,,,,,,,,,,,,
9.5,3.8228,9.5,1.9024,9.5,2.2516,,,,,,,,,,,,,,,,,,,,,,,,
9.75,3.8191,9.75,1.9184,9.75,2.2351,,,,,,,,,,,,,,,,,,,,,,,,
10,3.7988,10,1.9345,10,2.205,,,,,,,,,,,,,,,,,,,,,,,,
10.25,3.7765,10.25,1.9474,10.25,2.1806,,,,,,,,,,,,,,,,,,,,,,,,
10.5,3.7607,10.5,1.9584,10.5,2.1527,,,,,,,,,,,,,,,,,,,,,,,,
10.75,3.7559,10.75,1.9701,10.75,2.1207,,,,,,,,,,,,,,,,,,,,,,,,
11,3.7617,11,1.9817,11,2.0877,,,,,,,,,,,,,,,,,,,,,,,,
11.25,3.7771,11.25,1.9985,11.25,2.0632,,,,,,,,,,,,,,,,,,,,,,,,
11.5,3.8001,11.5,2.0171,11.5,2.0349,,,,,,,,,,,,,,,,,,,,,,,,
11.75,3.8286,11.75,2.0312,11.75,2.0167,,,,,,,,,,,,,,,,,,,,,,,,
12,3.8593,12,2.0473,12,2.0057,,,,,,,,,,,,,,,,,,,,,,,,
12.25,3.8895,12.25,2.0655,12.25,2.0011,,,,,,,,,,,,,,,,,,,,,,,,
12.5,3.9174,12.5,2.0843,12.5,2.0042,,,,,,,,,,,,,,,,,,,,,,,,
12.75,3.9433,12.75,2.1029,12.75,2.0106,,,,,,,,,,,,,,,,,,,,,,,,
13,3.9692,13,2.1238,13,2.0321,,,,,,,,,,,,,,,,,,,,,,,,
13.25,3.9969,13.25,2.1448,13.25,2.0716,,,,,,,,,,,,,,,,,,,,,,,,
13.5,4.0288,13.5,2.1627,13.5,2.118,,,,,,,,,,,,,,,,,,,,,,,,
13.75,4.0631,13.75,2.1839,13.75,2.1857,,,,,,,,,,,,,,,,,,,,,,,,
14,4.0998,14,2.2089,14,2.2638,,,,,,,,,,,,,,,,,,,,,,,,
14.25,4.1412,14.25,2.2315,14.25,2.354,,,,,,,,,,,,,,,,,,,,,,,,
14.5,4.1861,14.5,2.2604,14.5,2.4459,,,,,,,,,,,,,,,,,,,,,,,,
14.75,4.2337,14.75,2.2891,14.75,2.5282,,,,,,,,,,,,,,,,,,,,,,,,
15,4.2824,15,2.315,15,2.6047,,,,,,,,,,,,,,,,,,,,,,,,
15.25,4.3355,15.25,2.3401,15.25,2.6926,,,,,,,,,,,,,,,,,,,,,,,,
15.5,4.3988,15.5,2.3629,15.5,2.7757,,,,,,,,,,,,,,,,,,,,,,,,
15.75,4.4674,15.75,2.3867,15.75,2.8484,,,,,,,,,,,,,,,,,,,,,,,,
16,4.5354,16,2.415,16,2.9119,,,,,,,,,,,,,,,,,,,,,,,,
16.25,4.6001,16.25,2.4447,16.25,2.9832,,,,,,,,,,,,,,,,,,,,,,,,
16.5,4.6562,16.5,2.4749,16.5,3.0593,,,,,,,,,,,,,,,,,,,,,,,,
16.75,4.7255,16.75,2.5045,16.75,3.1249,,,,,,,,,,,,,,,,,,,,,,,,
17,4.8282,17,2.532,17,3.1622,,,,,,,,,,,,,,,,,,,,,,,,
17.25,4.9348,17.25,2.5583,17.25,3.2043,,,,,,,,,,,,,,,,,,,,,,,,
17.5,5.0336,17.5,2.5853,17.5,3.2449,,,,,,,,,,,,,,,,,,,,,,,,
17.75,5.1251,17.75,2.6098,17.75,3.2812,,,,,,,,,,,,,,,,,,,,,,,,
18,5.2018,18,2.6321,18,3.2919,,,,,,,,,,,,,,,,,,,,,,,,
18.25,5.2631,18.25,2.6526,18.25,3.3035,,,,,,,,,,,,,,,,,,,,,,,,
18.5,5.3123,18.5,2.6729,18.5,3.3153,,,,,,,,,,,,,,,,,,,,,,,,
18.75,5.3595,18.75,2.6922,18.75,3.3295,,,,,,,,,,,,,,,,,,,,,,,,
19,5.4027,19,2.7068,19,3.3493,,,,,,,,,,,,,,,,,,,,,,,,
19.25,5.4461,19.25,2.7172,19.25,3.3711,,,,,,,,,,,,,,,,,,,,,,,,
19.5,5.4876,19.5,2.7237,19.5,3.3901,,,,,,,,,,,,,,,,,,,,,,,,
19.75,5.5238,19.75,2.73,19.75,3.4184,,,,,,,,,,,,,,,,,,,,,,,,
20,5.5559,20,2.738,20,3.4369,,,,,,,,,,,,,,,,,,,,,,,,
20.25,5.584,20.25,2.7459,20.25,3.4367,,,,,,,,,,,,,,,,,,,,,,,,
20.5,5.6086,20.5,2.7538,20.5,3.4354,,,,,,,,,,,,,,,,,,,,,,,,
20.75,5.6348,20.75,2.7627,20.75,3.4241,,,,,,,,,,,,,,,,,,,,,,,,
21,5.6567,21,2.7716,21,3.4061,,,,,,,,,,,,,,,,,,,,,,,,
21.25,5.6749,21.25,2.7808,21.25,3.3905,,,,,,,,,,,,,,,,,,,,,,,,
21.5,5.691,21.5,2.7911,21.5,3.3958,,,,,,,,,,,,,,,,,,,,,,,,
21.75,5.7061,21.75,2.8005,21.75,3.3929,,,,,,,,,,,,,,,,,,,,,,,,
22,5.72,22,2.8106,22,3.4053,,,,,,,,,,,,,,,,,,,,,,,,
22.25,5.7332,22.25,2.8225,22.25,3.4372,,,,,,,,,,,,,,,,,,,,,,,,
22.5,5.7466,22.5,2.8357,22.5,3.4724,,,,,,,,,,,,,,,,,,,,,,,,
22.75,5.7599,22.75,2.8481,22.75,3.515,,,,,,,,,,,,,,,,,,,,,,,,
23,5.7735,23,2.8583,23,3.5698,,,,,,,,,,,,,,,,,,,,,,,,
23.25,5.7878,23.25,2.8695,23.25,3.6147,,,,,,,,,,,,,,,,,,,,,,,,
23.5,5.8028,23.5,2.8804,23.5,3.6904,,,,,,,,,,,,,,,,,,,,,,,,
23.75,5.8199,23.75,2.8888,23.75,3.7928,,,,,,,,,,,,,,,,,,,,,,,,
24,5.8401,24,2.8963,24,3.8805,,,,,,,,,,,,,,,,,,,,,,,,
24.25,5.8622,24.25,2.9033,24.25,3.9691,,,,,,,,,,,,,,,,,,,,,,,,
24.5,5.8861,24.5,2.9137,24.5,4.0277,,,,,,,,,,,,,,,,,,,,,,,,
24.75,5.9113,24.75,2.9263,24.75,4.0911,,,,,,,,,,,,,,,,,,,,,,,,
25,5.9387,25,2.9389,25,4.1832,,,,,,,,,,,,,,,,,,,,,,,,
25.25,5.9691,25.25,2.9505,25.25,4.2885,,,,,,,,,,,,,,,,,,,,,,,,
25.5,6.002,25.5,2.9613,25.5,4.3836,,,,,,,,,,,,,,,,,,,,,,,,
25.75,6.036,25.75,2.972,25.75,4.471,,,,,,,,,,,,,,,,,,,,,,,,
26,6.0709,26,2.9838,26,4.5566,,,,,,,,,,,,,,,,,,,,,,,,
26.25,6.1077,26.25,2.9958,26.25,4.6301,,,,,,,,,,,,,,,,,,,,,,,,
26.5,6.16,26.5,3.0086,26.5,4.6804,,,,,,,,,,,,,,,,,,,,,,,,
26.75,6.2135,26.75,3.0238,26.75,4.7246,,,,,,,,,,,,,,,,,,,,,,,,
27,6.2604,27,3.042,27,4.7613,,,,,,,,,,,,,,,,,,,,,,,,
27.25,6.3052,27.25,3.0627,27.25,4.7872,,,,,,,,,,,,,,,,,,,,,,,,
27.5,6.35,27.5,3.0851,27.5,4.8043,,,,,,,,,,,,,,,,,,,,,,,,
27.75,6.3944,27.75,3.1084,27.75,4.8188,,,,,,,,,,,,,,,,,,,,,,,,
28,6.4378,28,3.1322,28,4.8312,,,,,,,,,,,,,,,,,,,,,,,,
28.25,6.4789,28.25,3.1558,28.25,4.8385,,,,,,,,,,,,,,,,,,,,,,,,
28.5,6.5177,28.5,3.1791,28.5,4.8365,,,,,,,,,,,,,,,,,,,,,,,,
28.75,6.5529,28.75,3.2016,28.75,4.8244,,,,,,,,,,,,,,,,,,,,,,,,
29,6.5837,29,3.2228,29,4.8097,,,,,,,,,,,,,,,,,,,,,,,,
29.25,6.6101,29.25,3.2426,29.25,4.7935,,,,,,,,,,,,,,,,,,,,,,,,
29.5,6.633,29.5,3.2612,29.5,4.7696,,,,,,,,,,,,,,,,,,,,,,,,
29.75,6.6529,29.75,3.2787,29.75,4.7486,,,,,,,,,,,,,,,,,,,,,,,,
30,6.6717,30,3.2959,30,4.7228,,,,,,,,,,,,,,,,,,,,,,,,
30.25,6.6891,30.25,3.3135,30.25,4.6894,,,,,,,,,,,,,,,,,,,,,,,,
30.5,6.7111,30.5,3.3313,30.5,4.6649,,,,,,,,,,,,,,,,,,,,,,,,
30.75,6.7651,30.75,3.3486,30.75,4.6413,,,,,,,,,,,,,,,,,,,,,,,,
31,6.8176,31,3.3657,31,4.6109,,,,,,,,,,,,,,,,,,,,,,,,
31.25,6.8577,31.25,3.3828,31.25,4.5786,,,,,,,,,,,,,,,,,,,,,,,,
31.5,6.8906,31.5,3.3992,31.5,4.5441,,,,,,,,,,,,,,,,,,,,,,,,
31.75,6.9197,31.75,3.4149,31.75,4.502,,,,,,,,,,,,,,,,,,,,,,,,
32,6.946,32,3.4307,32,4.4522,,,,,,,,,,,,,,,,,,,,,,,,
32.25,6.9702,32.25,3.4466,32.25,4.3922,,,,,,,,,,,,,,,,,,,,,,,,
32.5,6.9925,32.5,3.4622,32.5,4.3252,,,,,,,,,,,,,,,,,,,,,,,,
32.75,7.013,32.75,3.4774,32.75,4.2714,,,,,,,,,,,,,,,,,,,,,,,,
33,7.0329,33,3.4926,33,4.2299,,,,,,,,,,,,,,,,,,,,,,,,
33.25,7.053,33.25,3.5083,33.25,4.1964,,,,,,,,,,,,,,,,,,,,,,,,
33.5,7.0743,33.5,3.5255,33.5,4.1794,,,,,,,,,,,,,,,,,,,,,,,,
33.75,7.0981,33.75,3.5453,33.75,4.1747,,,,,,,,,,,,,,,,,,,,,,,,
34,7.1259,34,3.569,34,4.1847,,,,,,,,,,,,,,,,,,,,,,,,
34.25,7.1595,34.25,3.597,34.25,4.1995,,,,,,,,,,,,,,,,,,,,,,,,
34.5,7.1995,34.5,3.6287,34.5,4.2183,,,,,,,,,,,,,,,,,,,,,,,,
34.75,7.2456,34.75,3.6632,34.75,4.24,,,,,,,,,,,,,,,,,,,,,,,,
35,7.2967,35,3.6997,35,4.2543,,,,,,,,,,,,,,,,,,,,,,,,
35.25,7.3511,35.25,3.7372,35.25,4.2645,,,,,,,,,,,,,,,,,,,,,,,,
35.5,7.4069,35.5,3.7743,35.5,4.2629,,,,,,,,,,,,,,,,,,,,,,,,
35.75,7.462,35.75,3.8108,35.75,4.2508,,,,,,,,,,,,,,,,,,,,,,,,
36,7.5149,36,3.8456,36,4.226,,,,,,,,,,,,,,,,,,,,,,,,
36.25,7.5641,36.25,3.8773,36.25,4.1873,,,,,,,,,,,,,,,,,,,,,,,,
36.5,7.6082,36.5,3.9053,36.5,4.1484,,,,,,,,,,,,,,,,,,,,,,,,
36.75,7.647,36.75,3.9296,36.75,4.1037,,,,,,,,,,,,,,,,,,,,,,,,
37,7.6801,37,3.9503,37,4.0645,,,,,,,,,,,,,,,,,,,,,,,,
37.25,7.7082,37.25,3.9677,37.25,4.0359,,,,,,,,,,,,,,,,,,,,,,,,
37.5,7.7316,37.5,3.9815,37.5,4.0019,,,,,,,,,,,,,,,,,,,,,,,,
37.75,7.7502,37.75,3.9919,37.75,3.9665,,,,,,,,,,,,,,,,,,,,,,,,
38,7.7639,38,3.999,38,3.9322,,,,,,,,,,,,,,,,,,,,,,,,
38.25,7.7729,38.25,4.0027,38.25,3.9043,,,,,,,,,,,,,,,,,,,,,,,,
38.5,7.7777,38.5,4.0032,38.5,3.8626,,,,,,,,,,,,,,,,,,,,,,,,
38.75,7.7776,38.75,4.0003,38.75,3.8191,,,,,,,,,,,,,,,,,,,,,,,,
39,7.7728,39,3.9944,39,3.7767,,,,,,,,,,,,,,,,,,,,,,,,
39.25,7.7637,39.25,3.9856,39.25,3.7265,,,,,,,,,,,,,,,,,,,,,,,,
39.5,7.7503,39.5,3.9741,39.5,3.6791,,,,,,,,,,,,,,,,,,,,,,,,
39.75,7.7331,39.75,3.96,39.75,3.6339,,,,,,,,,,,,,,,,,,,,,,,,
40,7.7125,40,3.9437,40,3.5884,,,,,,,,,,,,,,,,,,,,,,,,
40.25,7.6888,40.25,3.9255,40.25,3.5392,,,,,,,,,,,,,,,,,,,,,,,,
40.5,7.6622,40.5,3.9055,40.5,3.4914,,,,,,,,,,,,,,,,,,,,,,,,
40.75,7.633,40.75,3.884,40.75,3.4444,,,,,,,,,,,,,,,,,,,,,,,,
41,7.6014,41,3.8612,41,3.398,,,,,,,,,,,,,,,,,,,,,,,,
41.25,7.5679,41.25,3.8372,41.25,3.3509,,,,,,,,,,,,,,,,,,,,,,,,
41.5,7.5327,41.5,3.8126,41.5,3.3067,,,,,,,,,,,,,,,,,,,,,,,,
41.75,7.4964,41.75,3.7875,41.75,3.2572,,,,,,,,,,,,,,,,,,,,,,,,
42,7.459,42,3.7623,42,3.2073,,,,,,,,,,,,,,,,,,,,,,,,
42.25,7.4209,42.25,3.7369,42.25,3.162,,,,,,,,,,,,,,,,,,,,,,,,
42.5,7.3824,42.5,3.7114,42.5,3.1148,,,,,,,,,,,,,,,,,,,,,,,,
42.75,7.3439,42.75,3.6857,42.75,3.0656,,,,,,,,,,,,,,,,,,,,,,,,
43,7.3052,43,3.6603,43,3.0195,,,,,,,,,,,,,,,,,,,,,,,,
43.25,7.2666,43.25,3.635,43.25,2.9744,,,,,,,,,,,,,,,,,,,,,,,,
43.5,7.2283,43.5,3.6101,43.5,2.9257,,,,,,,,,,,,,,,,,,,,,,,,
43.75,7.1902,43.75,3.5854,43.75,2.8787,,,,,,,,,,,,,,,,,,,,,,,,
44,7.1525,44,3.5608,44,2.8326,,,,,,,,,,,,,,,,,,,,,,,,
44.25,7.1153,44.25,3.5363,44.25,2.7902,,,,,,,,,,,,,,,,,,,,,,,,
44.5,7.0787,44.5,3.5118,44.5,2.7458,,,,,,,,,,,,,,,,,,,,,,,,
44.75,7.0425,44.75,3.4875,44.75,2.7035,,,,,,,,,,,,,,,,,,,,,,,,
45,7.0069,45,3.4632,45,2.6556,,,,,,,,,,,,,,,,,,,,,,,,
45.25,6.9714,45.25,3.4389,45.25,2.6074,,,,,,,,,,,,,,,,,,,,,,,,
45.5,6.936,45.5,3.4145,45.5,2.556,,,,,,,,,,,,,,,,,,,,,,,,
45.75,6.9008,45.75,3.3899,45.75,2.502,,,,,,,,,,,,,,,,,,,,,,,,
46,6.8658,46,3.3652,46,2.4508,,,,,,,,,,,,,,,,,,,,,,,,
46.25,6.8312,46.25,3.3403,46.25,2.4004,,,,,,,,,,,,,,,,,,,,,,,,
46.5,6.7965,46.5,3.3149,46.5,2.3496,,,,,,,,,,,,,,,,,,,,,,,,
46.75,6.7618,46.75,3.2893,46.75,2.302,,,,,,,,,,,,,,,,,,,,,,,,
47,6.7272,47,3.2635,47,2.2591,,,,,,,,,,,,,,,,,,,,,,,,
47.25,6.6925,47.25,3.2373,47.25,2.2179,,,,,,,,,,,,,,,,,,,,,,,,
47.5,6.6578,47.5,3.2106,47.5,2.173,,,,,,,,,,,,,,,,,,,,,,,,
47.75,6.6228,47.75,3.1836,47.75,2.1326,,,,,,,,,,,,,,,,,,,,,,,,
48,6.5875,48,3.156,48,2.0954,,,,,,,,,,,,,,,,,,,,,,,,
48.25,6.5519,48.25,3.1277,48.25,2.059,,,,,,,,,,,,,,,,,,,,,,,,
48.5,6.5162,48.5,3.099,48.5,2.0258,,,,,,,,,,,,,,,,,,,,,,,,
48.75,6.4801,48.75,3.0699,48.75,1.9953,,,,,,,,,,,,,,,,,,,,,,,,
49,6.4433,49,3.0399,49,1.9651,,,,,,,,,,,,,,,,,,,,,,,,
49.25,6.4055,49.25,3.0091,49.25,1.9431,,,,,,,,,,,,,,,,,,,,,,,,
49.5,6.3669,49.5,2.9776,49.5,1.9184,,,,,,,,,,,,,,,,,,,,,,,,
49.75,6.3271,49.75,2.9451,49.75,1.8946,,,,,,,,,,,,,,,,,,,,,,,,
50,6.2861,50,2.9119,50,1.873,,,,,,,,,,,,,,,,,,,,,,,,
50.25,6.2439,50.25,2.8784,50.25,1.8476,,,,,,,,,,,,,,,,,,,,,,,,
50.5,6.2001,50.5,2.8443,50.5,1.8243,,,,,,,,,,,,,,,,,,,,,,,,
50.75,6.1545,50.75,2.8101,50.75,1.8037,,,,,,,,,,,,,,,,,,,,,,,,
51,6.107,51,2.7755,51,1.788,,,,,,,,,,,,,,,,,,,,,,,,
51.25,6.0578,51.25,2.7405,51.25,1.7711,,,,,,,,,,,,,,,,,,,,,,,,
51.5,6.0068,51.5,2.7058,51.5,1.7567,,,,,,,,,,,,,,,,,,,,,,,,
51.75,5.9547,51.75,2.6719,51.75,1.7492,,,,,,,,,,,,,,,,,,,,,,,,
52,5.9023,52,2.6386,52,1.7369,,,,,,,,,,,,,,,,,,,,,,,,
52.25,5.8499,52.25,2.6061,52.25,1.7252,,,,,,,,,,,,,,,,,,,,,,,,
52.5,5.7974,52.5,2.5749,52.5,1.7201,,,,,,,,,,,,,,,,,,,,,,,,
52.75,5.7453,52.75,2.5446,52.75,1.7144,,,,,,,,,,,,,,,,,,,,,,,,
53,5.6936,53,2.515,53,1.7076,,,,,,,,,,,,,,,,,,,,,,,,
53.25,5.6421,53.25,2.4867,53.25,1.701,,,,,,,,,,,,,,,,,,,,,,,,
53.5,5.5909,53.5,2.4595,53.5,1.695,,,,,,,,,,,,,,,,,,,,,,,,
53.75,5.5401,53.75,2.4336,53.75,1.6851,,,,,,,,,,,,,,,,,,,,,,,,
54,5.4898,54,2.4093,54,1.6819,,,,,,,,,,,,,,,,,,,,,,,,
54.25,5.4402,54.25,2.386,54.25,1.6748,,,,,,,,,,,,,,,,,,,,,,,,
54.5,5.3914,54.5,2.3649,54.5,1.6685,,,,,,,,,,,,,,,,,,,,,,,,
54.75,5.3438,54.75,2.3455,54.75,1.6685,,,,,,,,,,,,,,,,,,,,,,,,
55,5.2979,55,2.3279,55,1.6718,,,,,,,,,,,,,,,,,,,,,,,,
55.25,5.2541,55.25,2.3123,55.25,1.6718,,,,,,,,,,,,,,,,,,,,,,,,
55.5,5.2123,55.5,2.2986,55.5,1.6698,,,,,,,,,,,,,,,,,,,,,,,,
55.75,5.1723,55.75,2.2861,55.75,1.6721,,,,,,,,,,,,,,,,,,,,,,,,
56,5.1345,56,2.2747,56,1.6726,,,,,,,,,,,,,,,,,,,,,,,,
56.25,5.099,56.25,2.2654,56.25,1.6669,,,,,,,,,,,,,,,,,,,,,,,,
56.5,5.0655,56.5,2.2575,56.5,1.663,,,,,,,,,,,,,,,,,,,,,,,,
56.75,5.034,56.75,2.25,56.75,1.6611,,,,,,,,,,,,,,,,,,,,,,,,
57,5.0048,57,2.2419,57,1.6597,,,,,,,,,,,,,,,,,,,,,,,,
57.25,4.9778,57.25,2.2345,57.25,1.6542,,,,,,,,,,,,,,,,,,,,,,,,
57.5,4.9527,57.5,2.229,57.5,1.6464,,,,,,,,,,,,,,,,,,,,,,,,
57.75,4.9293,57.75,2.2237,57.75,1.6426,,,,,,,,,,,,,,,,,,,,,,,,
58,4.9077,58,2.2188,58,1.636,,,,,,,,,,,,,,,,,,,,,,,,
58.25,4.888,58.25,2.2145,58.25,1.6279,,,,,,,,,,,,,,,,,,,,,,,,
58.5,4.8697,58.5,2.2094,58.5,1.6199,,,,,,,,,,,,,,,,,,,,,,,,
58.75,4.8528,58.75,2.2039,58.75,1.6118,,,,,,,,,,,,,,,,,,,,,,,,
59,4.8371,59,2.1983,59,1.6031,,,,,,,,,,,,,,,,,,,,,,,,
59.25,4.8226,59.25,2.1921,59.25,1.5948,,,,,,,,,,,,,,,,,,,,,,,,
59.5,4.809,59.5,2.1863,59.5,1.5869,,,,,,,,,,,,,,,,,,,,,,,,
59.75,4.7963,59.75,2.18,59.75,1.5791,,,,,,,,,,,,,,,,,,,,,,,,
60,4.7844,60,2.1737,60,1.5705,,,,,,,,,,,,,,,,,,,,,,,,
60.25,4.7732,60.25,2.1678,60.25,1.5624,,,,,,,,,,,,,,,,,,,,,,,,
60.5,4.7626,60.5,2.161,60.5,1.5546,,,,,,,,,,,,,,,,,,,,,,,,
60.75,4.7525,60.75,2.1544,60.75,1.5469,,,,,,,,,,,,,,,,,,,,,,,,
61,4.7429,61,2.1478,61,1.5341,,,,,,,,,,,,,,,,,,,,,,,,
61.25,4.7336,61.25,2.1406,61.25,1.5238,,,,,,,,,,,,,,,,,,,,,,,,
61.5,4.7245,61.5,2.1331,61.5,1.5201,,,,,,,,,,,,,,,,,,,,,,,,
61.75,4.7159,61.75,2.1256,61.75,1.5096,,,,,,,,,,,,,,,,,,,,,,,,
62,4.7077,62,2.1188,62,1.504,,,,,,,,,,,,,,,,,,,,,,,,
62.25,4.6997,62.25,2.1117,62.25,1.4985,,,,,,,,,,,,,,,,,,,,,,,,
62.5,4.6922,62.5,2.1051,62.5,1.4868,,,,,,,,,,,,,,,,,,,,,,,,
62.75,4.6847,62.75,2.0987,62.75,1.4763,,,,,,,,,,,,,,,,,,,,,,,,
63,4.6772,63,2.0925,63,1.4724,,,,,,,,,,,,,,,,,,,,,,,,
63.25,4.67,63.25,2.0863,63.25,1.4672,,,,,,,,,,,,,,,,,,,,,,,,
63.5,4.6634,63.5,2.08,63.5,1.46,,,,,,,,,,,,,,,,,,,,,,,,
63.75,4.6569,63.75,2.0738,63.75,1.4518,,,,,,,,,,,,,,,,,,,,,,,,
64,4.6505,64,2.0678,64,1.4484,,,,,,,,,,,,,,,,,,,,,,,,
64.25,4.6444,64.25,2.0624,64.25,1.4433,,,,,,,,,,,,,,,,,,,,,,,,
64.5,4.6387,64.5,2.0567,64.5,1.4406,,,,,,,,,,,,,,,,,,,,,,,,
64.75,4.6332,64.75,2.0508,64.75,1.4356,,,,,,,,,,,,,,,,,,,,,,,,
65,4.628,65,2.0455,65,1.433,,,,,,,,,,,,,,,,,,,,,,,,
65.25,4.6229,65.25,2.0398,65.25,1.4281,,,,,,,,,,,,,,,,,,,,,,,,
65.5,4.6182,65.5,2.0339,65.5,1.4255,,,,,,,,,,,,,,,,,,,,,,,,
65.75,4.6136,65.75,2.0281,65.75,1.4198,,,,,,,,,,,,,,,,,,,,,,,,
66,4.6092,66,2.023,66,1.4124,,,,,,,,,,,,,,,,,,,,,,,,
66.25,4.6049,66.25,2.0174,66.25,1.4094,,,,,,,,,,,,,,,,,,,,,,,,
66.5,4.6007,66.5,2.0116,66.5,1.4089,,,,,,,,,,,,,,,,,,,,,,,,
66.75,4.5969,66.75,2.0059,66.75,1.4086,,,,,,,,,,,,,,,,,,,,,,,,
67,4.5934,67,2.0001,67,1.4041,,,,,,,,,,,,,,,,,,,,,,,,
67.25,4.5902,67.25,1.9945,67.25,1.3971,,,,,,,,,,,,,,,,,,,,,,,,
67.5,4.5869,67.5,1.9896,67.5,1.3942,,,,,,,,,,,,,,,,,,,,,,,,
67.75,4.5837,67.75,1.9843,67.75,1.3937,,,,,,,,,,,,,,,,,,,,,,,,
68,4.5809,68,1.9798,68,1.3935,,,,,,,,,,,,,,,,,,,,,,,,
68.25,4.5784,68.25,1.9761,68.25,1.3935,,,,,,,,,,,,,,,,,,,,,,,,
68.5,4.5762,68.5,1.9722,68.5,1.3934,,,,,,,,,,,,,,,,,,,,,,,,
